MatchID,Home,Draw,Away
1,1.92,3.96,3.89
2,2.16,3.88,3.23
3,1.21,7.65,13.17
4,1.05,17,43.49
5,3.12,3.6,2.32
6,2.08,3.99,3.35
7,2.33,4.23,2.75
8,1.31,5.76,10.7
9,26.26,12.03,1.1
10,3.16,3.4,2.38
11,1.85,4.28,3.91
12,1.96,4.24,3.53
13,2.99,3.97,2.25
14,1.2,7.57,15.68
15,6.43,4.72,1.51
16,1.64,4.4,5.15
17,2,3.68,3.88
18,13.01,6.37,1.26
19,10.25,5.59,1.33
20,1.77,4.37,4.24
21,5.19,4.24,1.66
22,1.65,4.11,5.48
23,1.27,6.13,12.5
24,5.1,4.34,1.66
25,1.07,15.07,38.18
26,3.42,4.15,2.01
27,1.39,5.38,8
28,12.77,7.87,1.21
29,6.19,4.99,1.5
30,1.19,7.76,15.66
31,8.37,5.08,1.4
32,1.75,4.17,4.56
33,1.21,7.86,13.23
34,2.68,3.86,2.51
35,2.75,3.87,2.45
36,7.36,5.03,1.44
37,3.38,3.99,2.07
38,5.31,4.83,1.58
39,1.66,4.58,4.77
40,2.36,3.72,2.97
41,1.22,7.52,12.84
42,2.68,3.89,2.5
43,1.96,4,3.71
44,2.57,3.46,2.85
45,1.18,8.46,15.55
46,1.46,5.09,6.8
47,1.49,4.91,6.52
48,10.75,5.77,1.31
49,1.54,4.83,5.77
50,15.47,8.3,1.18
51,3.95,3.75,1.96
52,4.04,3.92,1.9
53,1.74,4.26,4.55
54,1.24,6.91,12.24
55,3.29,3.94,2.12
56,20.84,9.3,1.14
57,1.86,4.02,4.09
58,9.12,6.15,1.32
59,1.57,4.69,5.58
60,1.04,19.7,59.28
61,1.35,5.73,8.59
62,1.39,5.31,8.05
63,2.2,3.84,3.17
64,1.23,7.15,13.17
65,1.56,4.47,6.1
66,14.82,7.18,1.21
67,1.52,4.79,6.19
68,3.58,3.97,2.01
69,1.38,5.03,9.22
70,11.95,6.89,1.25
71,5.52,4.29,1.62
72,3.08,3.63,2.33
73,1.24,7.12,12.05
74,1.03,22.21,76.58
75,3.74,3.33,2.16
76,18.16,7.83,1.18
77,1.46,4.9,7.22
78,2.03,3.88,3.58
79,3.02,4.12,2.19
80,2.83,3.89,2.38
81,1.33,5.96,9.22
82,3.89,4.33,1.84
83,1.18,7.91,16.99
84,9.72,6,1.32
85,1.58,4.66,5.45
86,4.68,4.93,1.63
87,1.8,4.09,4.35
88,1.51,4.94,5.98
89,3.28,3.54,2.26
90,1.92,3.98,3.89
91,1.12,10.56,25.08
92,2.09,3.77,3.5
93,3.59,3.85,2.04
94,5.53,4.06,1.66
95,12.97,6.63,1.25
96,2.11,3.99,3.27
97,4.35,4.36,1.75
98,2.57,3.97,2.57
99,4.45,4.08,1.79
100,1.03,20.81,71.3
101,1.59,4.42,5.73
102,1.11,11.24,27.32
103,1.45,5.3,6.68
104,1.22,7.13,14.23
105,18.76,8.57,1.16
106,2.6,3.99,2.53
107,2.87,3.92,2.35
108,1.19,7.87,15.82
109,10.97,5.59,1.32
110,1.76,3.93,4.82
111,2.3,3.71,3.07
112,4.55,4.46,1.71
113,1.54,4.65,5.99
114,8.6,5.9,1.34
115,8.5,5.27,1.38
116,3.03,3.72,2.32
117,2.34,4.09,2.8
118,3.63,3.81,2.03
119,1.89,4.16,3.85
120,2.12,3.95,3.28
121,1.94,3.88,3.87
122,2.12,3.88,3.33
123,2.08,3.87,3.43
124,37.85,14.69,1.07
125,1.19,7.54,17
126,2.91,3.57,2.46
127,1.57,4.86,5.31
128,2.05,3.84,3.56
129,4.83,4.45,1.67
130,1.85,4.01,4.16
131,2.13,4.28,3.07
132,2.17,3.47,3.56
133,4.84,4.41,1.68
134,1.91,3.83,4.09
135,2.79,3.85,2.43
136,1.18,8.18,16.82
137,1.56,4.54,5.86
138,1.2,7.8,14.41
139,1.17,8.5,17
140,1.46,5.1,6.63
141,1.62,4.25,5.62
142,1.44,4.9,7.59
143,1.07,14.33,34.28
144,1.27,6.65,10.9
145,1.16,8.89,18.72
146,4.79,4.81,1.63
147,2.63,3.9,2.54
148,5.5,5.25,1.52
149,1.08,13.64,35.91
150,5.66,4.15,1.63
151,3.58,3.88,2.03
152,3.01,4.1,2.21
153,1.29,6.42,9.99
154,2.13,3.64,3.51
155,1.13,10.47,19.67
156,3.39,3.91,2.09
157,2.07,3.93,3.43
158,1.08,12.94,33.72
159,1.12,10.21,23.23
160,2.59,4.07,2.51
161,1.17,8.52,18.07
162,4.32,3.7,1.89
163,6.96,4.88,1.47
164,1.39,5.66,7.37
165,13.05,7.98,1.21
166,1.44,5.18,6.92
167,4.29,3.96,1.84
168,1.03,23.35,75.22
169,3.77,3.93,1.96
170,1.31,5.73,10.82
171,2.5,3.67,2.8
172,5.3,4.41,1.63
173,1.17,8.22,18.06
174,1.57,4.53,5.85
175,1.33,5.48,10.28
176,1.12,10.45,22.39
177,1.87,4.04,4.04
178,2.2,3.75,3.23
179,8.08,4.68,1.44
180,1.92,4.07,3.78
181,19.68,10.24,1.13
182,1.49,4.64,6.87
183,4.17,4.16,1.82
184,8.22,5.66,1.37
185,2,4.13,3.47
186,3.1,3.89,2.22
187,3.62,3.67,2.08
188,5.71,4.43,1.59
189,1.02,23.72,82.55
190,1.87,4.15,3.92
191,1.68,4.14,5.18
192,1.29,6.62,9.87
193,1.63,4.32,5.44
194,1.99,3.77,3.82
195,1.98,4.08,3.58
196,4.83,4.35,1.69
197,3.92,3.69,1.98
198,1.12,10.16,25.78
199,1.06,15.54,38.84
200,1.52,4.94,5.91
201,1.61,4.2,5.84
202,1.43,5.18,7.2
203,2.85,3.86,2.39
204,2.94,3.71,2.38
205,3.11,3.78,2.25
206,2.32,3.99,2.87
207,2.75,3.44,2.66
208,1.01,32.03,109.7
209,10.45,6.02,1.3
210,1.48,4.82,6.78
211,3.76,4.02,1.94
212,2.7,3.95,2.46
213,3.86,3.91,1.94
214,1.4,5.19,7.97
215,10.62,7.01,1.26
216,1.73,4.17,4.72
217,6.97,5.13,1.45
218,2.48,3.78,2.76
219,1.27,6.43,11.26
220,1.27,6.41,11.58
221,3.28,3.67,2.21
222,7.82,5.08,1.42
223,1.73,4.05,4.89
224,1.99,3.68,3.9
225,2.5,3.53,2.88
226,2.69,3.8,2.53
227,1.14,9.77,18.87
228,16.25,8.2,1.18
229,3.87,4.03,1.91
230,2.12,3.89,3.32
231,1.73,4.12,4.76
232,23.24,10.15,1.13
233,2.77,3.59,2.57
234,1.51,4.72,6.34
235,1.05,16.68,48.16
236,1.25,6.71,12.19
237,1.09,12.97,29.68
238,1.09,12.01,32.95
239,1.25,6.4,13.02
240,1.09,12.49,29.29
241,2.87,3.83,2.38
242,3.33,3.99,2.09
243,4.24,3.97,1.84
244,1.47,4.71,7.26
245,1.04,19.69,62.44
246,1.97,3.74,3.91
247,1.5,4.61,6.9
248,1.36,5.83,8.07
249,2.58,3.27,2.97
250,41.24,18.84,1.05
251,1.91,4.03,3.86
252,5.92,4.58,1.56
253,1.35,5.88,8.32
254,2.76,3.42,2.66
255,4.05,3.82,1.92
256,13.86,6.93,1.23
257,1.58,4.36,5.93
258,1.05,17.72,56.94
259,4.75,4.02,1.75
260,2.44,3.6,2.92
261,1.95,4.28,3.54
262,1.76,4.24,4.4
263,3.36,3.85,2.12
264,1.26,6.54,11.82
265,8.54,5.08,1.4
266,1.28,6.23,11.72
267,2.36,3.63,3.02
268,3.1,3.76,2.26
269,5.73,3.48,1.76
270,1.48,5.23,6.11
271,1.2,7.67,15.24
272,10.88,5.77,1.31
273,2.31,3.68,3.07
274,1.43,5.07,7.44
275,1.2,7.64,15.54
276,2.87,4.18,2.26
277,1.26,6.68,11.23
278,1.37,5.69,8.16
279,1.74,3.99,4.93
280,3.99,4.4,1.81
281,2.48,3.5,2.94
282,2.09,3.67,3.58
283,2.68,3.99,2.46
284,3.25,3.98,2.12
285,2.06,4.09,3.32
286,1.23,6.89,13.66
287,2.52,3.8,2.7
288,1.06,15.92,36
289,2.63,3.84,2.57
290,13,5.62,1.29
291,1.86,4.04,4.09
292,4,3.82,1.93
293,20.37,10.3,1.13
294,11.85,6.89,1.25
295,2.21,3.74,3.23
296,2.28,3.73,3.09
297,1.7,4.5,4.59
298,1.63,4.36,5.36
299,2.09,4.15,3.21
300,5.76,4.39,1.59
301,1.98,3.75,3.88
302,7.06,5.09,1.45
303,2.12,3.6,3.56
304,1.08,13.2,39.32
305,3.17,4.13,2.12
306,1.4,5.41,7.73
307,1.04,19.79,54.19
308,1.29,5.88,12.18
309,1.29,6.64,9.54
310,2.05,3.74,3.64
311,2.11,3.82,3.41
312,1.97,3.93,3.74
313,3.44,4.31,1.97
314,2.35,3.75,2.97
315,3.48,4.2,1.98
316,1.51,4.5,6.82
317,1.75,3.92,4.88
318,1.78,3.98,4.62
319,1.06,15.12,40.95
320,1.05,18.3,52.82
321,7.23,5.55,1.41
322,5.75,4.37,1.59
323,1.59,4.65,5.36
324,1.64,4.48,5.09
325,1.83,4.3,3.97
326,4.84,4.01,1.74
327,1.15,9.52,18.33
328,5.1,4.49,1.64
329,1.27,6.63,11.12
330,2.32,3.37,3.31
331,4.76,3.69,1.82
332,5.73,4.45,1.59
333,1.63,4.38,5.29
334,1.12,10.28,23.19
335,4.4,4.34,1.75
336,2.56,3.83,2.65
337,1.81,4.27,4.1
338,1.39,5.49,7.71
339,1.47,4.71,7.38
340,6.1,4.42,1.56
341,1.28,6.75,9.84
342,9.37,6.18,1.31
343,2.89,3.85,2.36
344,11.35,5.91,1.29
345,1.17,8.64,17.04
346,2.36,4,2.8
347,1.97,4.14,3.55
348,3.32,3.96,2.1
349,1.47,5.05,6.56
350,1.37,5.2,9.16
351,2.35,3.61,3.05
352,1.46,4.97,6.95
353,1.14,9.31,20.36
354,3.64,3.86,2.02
355,4.21,3.89,1.87
356,1.14,9.83,20.71
357,2.01,3.76,3.75
358,4.32,3.98,1.83
359,13.22,8.28,1.2
360,1.84,4.26,3.97
361,5.36,4.21,1.65
362,3.7,4.14,1.93
363,2.48,3.72,2.79
364,1.23,6.94,13.56
365,3.29,3.63,2.22
366,18,8.3,1.17
367,4.82,4.3,1.7
368,2.25,3.91,3.03
369,8.33,5.08,1.4
370,15.7,7.41,1.2
371,1.25,6.66,12.25
372,1.49,4.85,6.57
373,1.48,4.83,6.87
374,1.36,5.87,8.09
375,6.25,4.83,1.51
376,1.23,6.69,14.66
377,13.54,7.31,1.22
378,1.52,4.43,6.74
379,1.44,5.29,6.86
380,16.05,8.18,1.18
381,3.25,3.92,2.14
382,9.34,5.48,1.35
383,3.61,3.85,2.03
384,8.93,5.12,1.38
385,1.04,20.52,48.07
386,2,3.97,3.59
387,1.71,4.06,5.02
388,4.11,4.2,1.82
389,1.07,14.08,42.36
390,2.25,3.97,3
391,3.12,3.94,2.2
392,1.66,4.11,5.44
393,1.59,4.9,5.11
394,1.62,4.72,4.94
395,2.45,3.66,2.87
396,1.93,4.17,3.67
397,1.69,4.47,4.66
398,1.83,4.07,4.19
399,1.16,8.95,18.04
400,7.32,5.54,1.4
401,2.43,3.44,3.05
402,2.38,3.75,2.91
403,1.39,5.44,8.02
404,2.29,3.57,3.19
405,1.64,3.99,5.87
406,21.12,9.28,1.14
407,6.68,5.14,1.46
408,1.5,4.86,6.33
409,3.83,3.92,1.95
410,1.72,3.94,5.12
411,7.35,5.62,1.4
412,1.04,19.99,69.49
413,1.89,4.06,3.92
414,4.58,4.5,1.7
415,4.19,3.84,1.88
416,1.54,4.69,5.98
417,2.95,3.81,2.33
418,6.16,4.12,1.6
419,1.69,4.55,4.6
420,2.22,3.72,3.23
421,5.96,4.84,1.52
422,8.49,5.53,1.37
423,1.68,4.24,4.98
424,1.52,4.68,6.29
425,1.62,4.36,5.44
426,4.09,3.23,2.1
427,32.1,12.62,1.09
428,1.75,4.35,4.39
429,4.73,4.48,1.68
430,4.33,3.7,1.89
431,2.32,3.66,3.08
432,0.99,53.4,191.14
433,2.57,3.51,2.8
434,1.49,4.6,7.02
435,1.54,4.52,6.28
436,1.66,4.33,5.07
437,2.55,3.67,2.74
438,6.11,4.45,1.56
439,1.37,5.22,9.19
440,2.58,3.65,2.71
441,1.23,7.46,11.65
442,4.02,4.19,1.84
443,1.69,4.23,4.92
444,1.12,11.25,21.29
445,6.31,4.53,1.54
446,7.96,5,1.42
447,5.4,4.16,1.65
448,2.12,3.92,3.3
449,1.18,8.57,15.75
450,6.47,5.93,1.41
451,1.25,6.62,12.47
452,2.18,3.64,3.37
453,4.07,4.23,1.82
454,1.91,3.86,4.06
455,2.21,3.99,3.07
456,1.09,13.15,29.35
457,1.67,4.27,5.1
458,1.3,6.34,9.96
459,1.92,4.25,3.67
460,2.75,3.48,2.64
461,6.37,5.03,1.48
462,1.59,4.6,5.49
463,4.24,4.31,1.78
464,3.21,3.81,2.19
465,1.97,4.21,3.5
466,1.9,4.05,3.89
467,1.38,5.03,9.56
468,2.03,3.89,3.56
469,1.65,4.55,4.9
470,3.19,3.49,2.33
471,4.04,4.16,1.84
472,2.93,3.67,2.4
473,15.39,8.32,1.18
474,15.33,8.14,1.19
475,1.21,7.64,13.93
476,1.28,6.42,10.61
477,2.78,3.82,2.44
478,2.22,4.29,2.88
479,4.29,3.91,1.85
480,1.14,9.52,19.63
481,4.52,4.57,1.69
482,1.22,6.88,14.92
483,1.43,5.09,7.54
484,1.09,12.35,28.95
485,8.46,5.7,1.36
486,2.23,3.76,3.18
487,2.16,3.86,3.25
488,1.57,4.49,5.88
489,2.59,3.59,2.74
490,8.74,5.94,1.34
491,4.84,4.22,1.71
492,2.61,4.02,2.51
493,4.32,4.23,1.78
494,18.7,8.36,1.17
495,1.16,8.07,21.04
496,2.12,3.84,3.37
497,1.19,7.71,17.3
498,2.36,3.6,3.03
499,1.06,15.87,44.61
500,3.7,3.94,1.98
501,6.42,5.03,1.48
502,1.88,4.03,3.99
503,1.7,4.39,4.64
504,2.36,4.02,2.8
505,1.19,7.89,15.22
506,1.46,4.85,7.13
507,7.67,4.89,1.44
508,1.99,4.18,3.47
509,6.24,4.37,1.56
510,1.96,4.36,3.45
511,10.66,5.87,1.31
512,1.34,6.02,8.69
513,1.83,4.43,3.88
514,1.67,4.18,5.22
515,12.5,7.39,1.23
516,1.28,6.41,10.85
517,1.13,10.02,21.19
518,3.58,3.96,2.01
519,2.05,3.77,3.62
520,2.01,3.76,3.73
521,11.46,7.26,1.24
522,1.09,12.72,32.09
523,1.53,4.38,6.82
524,3.31,3.59,2.22
525,4.69,4.32,1.71
526,1.04,20.18,55.19
527,1.67,4.2,5.18
528,4.25,4.11,1.81
529,10.06,5.73,1.32
530,4.33,3.51,1.94
531,10.27,6.81,1.27
532,7.63,5.39,1.4
533,1.71,4.91,4.15
534,2.43,3.81,2.81
535,7.14,5.24,1.43
536,2.76,3.81,2.46
537,3.36,3.89,2.1
538,1.12,10.31,23.74
539,2.88,4.05,2.3
540,1.04,20.21,62.96
541,1.37,5.59,8.12
542,1.89,3.69,4.34
543,3.85,3.49,2.07
544,11.32,6.82,1.26
545,1.27,6.39,11.32
546,1.09,12.56,31.15
547,4.93,4.34,1.68
548,1.32,6.04,9.44
549,1.89,4.29,3.72
550,3.8,4.12,1.91
551,1.6,4.22,6.02
552,2.48,3.86,2.73
553,7.64,4.84,1.44
554,2.18,3.96,3.13
555,1.56,4.92,5.44
556,1.17,8.42,17.52
557,1.25,6.62,12.45
558,1.74,4.59,4.21
559,1.34,5.26,10.44
560,1.61,4.56,5.25
561,2.68,3.44,2.73
562,7.82,4.53,1.47
563,1.42,5.03,7.77
564,4.26,4.31,1.77
565,1.27,6.33,11.81
566,1.68,4.32,4.91
567,1.5,4.79,6.56
568,2.5,3.87,2.69
569,1.26,7.21,10.27
570,2.58,3.81,2.63
571,4.84,3.99,1.75
572,15.81,8.31,1.18
573,6.31,3.99,1.61
574,1.62,4.58,5.1
575,2.75,3.54,2.61
576,1.06,16.16,41.82
577,2.8,3.9,2.4
578,26.92,11.78,1.1
579,5.27,4.85,1.58
580,5.85,4.65,1.55
581,2.3,3.78,3.02
582,6.53,5.11,1.47
583,4.55,4.2,1.75
584,1.06,16.54,41.9
585,2.78,3.75,2.48
586,1.57,4.33,6.12
587,4.85,4.28,1.69
588,1.04,21.33,53.19
589,3.85,3.87,1.95
590,2.24,3.64,3.23
591,1.48,4.65,7.25
592,2.39,3.5,3.06
593,1.86,4.21,3.93
594,2.93,3.7,2.39
595,1.27,6.5,10.97
596,2.17,4.07,3.08
597,1.62,4.71,4.98
598,10.4,5.39,1.34
599,3.19,3.64,2.26
600,5.33,4.7,1.59
601,9.12,5.83,1.34
602,3.9,3.81,1.96
603,1.21,7.28,15.42
604,3.56,4.31,1.93
605,1.47,4.67,7.25
606,4.42,4.03,1.8
607,1.29,6.32,10.58
608,16.81,7.78,1.19
609,2.98,3.53,2.43
610,1.46,5.07,6.67
611,1.48,4.65,7.25
612,4.33,4.6,1.72
613,1.39,5.19,8.4
614,1.14,9.8,20.14
615,1.65,4.53,4.91
616,1.48,5.05,6.43
617,2.69,4.06,2.43
618,1.85,4.05,4.1
619,10.56,6.47,1.28
620,36.26,15.52,1.07
621,1.72,4.15,4.79
622,2,4,3.58
623,1.88,4.16,3.88
624,12.64,6.24,1.26
625,1.02,27.41,85.48
626,1.89,3.95,4.03
627,2.29,3.71,3.09
628,2.57,3.88,2.61
629,1.63,4.32,5.4
630,6.13,4.74,1.53
631,1.91,4.09,3.83
632,1.17,8.18,19.52
633,4.7,4.41,1.69
634,1.4,5.16,8.08
635,5.09,4.47,1.64
636,1.99,3.92,3.66
637,2.85,3.92,2.36
638,1.57,4.67,5.62
639,5.8,4.58,1.56
640,2.32,3.8,2.99
641,1.16,8.98,17.48
642,1.03,21.54,59.79
643,1.2,7.98,14.16
644,3.77,4.22,1.9
645,1.37,5.83,7.89
646,1.08,13.57,38.13
647,1.6,4.41,5.63
648,2.08,3.93,3.4
649,1.12,10.46,24.67
650,1.07,14.35,38.93
651,2.79,4.03,2.36
652,3.59,3.72,2.07
653,4.5,4.06,1.78
654,4.63,4.32,1.72
655,1.1,12.02,29.11
656,6.34,4.42,1.55
657,1.06,15.48,38.38
658,4.85,4.02,1.74
659,1.82,3.82,4.54
660,1.17,8.99,15.58
661,1.76,4.76,3.95
662,2.02,4.1,3.45
663,1.67,4.22,5.15
664,1.2,7.84,14.33
665,26.81,11.13,1.11
666,2.89,3.58,2.47
667,3.18,3.59,2.29
668,9.32,6.24,1.31
669,3.67,4.16,1.93
670,2.57,3.79,2.66
671,2.34,4.13,2.78
672,1.36,6.09,7.55
673,6.06,4.91,1.51
674,3.21,3.7,2.23
675,1.08,13.64,30.55
676,1.93,4.11,3.73
677,1.29,6.37,9.94
678,2.83,4.29,2.26
679,1.14,9.28,21.37
680,6.33,4.56,1.53
681,3.53,3.75,2.08
682,2.95,4.13,2.23
683,1.11,11,26.16
684,5.92,4.45,1.57
685,6.16,4.51,1.55
686,1.59,4.81,5.22
687,1.52,4.84,6.05
688,3.82,3.78,1.98
689,2.27,4.02,2.93
690,1.31,6.29,9.17
691,8.04,4.84,1.43
692,5.64,3.9,1.68
693,3.73,3.78,2.01
694,11.9,6.58,1.26
695,3.15,3.79,2.23
696,2.55,3.94,2.6
697,1.25,6.56,12.44
698,2.74,3.72,2.53
699,1.04,20.02,52.05
700,2.77,3.85,2.44
701,4.79,3.81,1.79
702,3.11,3.61,2.32
703,1.63,4.32,5.38
704,1.21,8.11,12.68
705,4.51,3.62,1.88
706,1.84,4.05,4.17
707,7.69,5.76,1.38
708,1.36,5.87,8.17
709,2.43,3.66,2.9
710,10.27,6.16,1.3
711,1.25,6.87,11.64
712,1.37,5.31,9.15
713,1.12,10.66,24.08
714,1.68,4.18,5.12
715,1.16,9.29,17.44
716,1.55,4.54,6.07
717,1.4,5.45,7.44
718,1.09,12.51,30.73
719,14.93,6.91,1.22
720,2.29,4.06,2.88
721,6.8,4.64,1.5
722,2.36,3.77,2.94
723,19.19,9.05,1.15
724,1.43,5.37,6.97
725,1.15,9.27,19.25
726,2.72,3.84,2.49
727,4.05,4.21,1.83
728,2.29,3.5,3.25
729,2.68,4.13,2.41
730,2.71,4.17,2.38
731,1.81,3.87,4.56
732,2.41,3.89,2.8
733,3.04,3.73,2.31
734,3.27,3.68,2.21
735,8.71,4.94,1.4
736,1.21,7.64,13.5
737,1.67,4.23,5.16
738,1.36,6.08,7.72
739,2.87,3.47,2.54
740,2.51,3.52,2.87
741,3.96,4.12,1.87
742,1.02,25.92,69.47
743,5.27,4.41,1.63
744,5.17,4.28,1.66
745,11.05,6.32,1.28
746,6.99,5.6,1.41
747,14.68,7.34,1.21
748,1.52,4.74,6.13
749,1.84,4.08,4.15
750,1.34,5.91,8.93
751,10,5.96,1.31
752,1.37,5.51,8.61
753,1.76,4.13,4.57
754,1.94,4.14,3.65
755,4.29,3.9,1.85
756,2.43,3.49,3.01
757,6.32,5.02,1.49
758,1.39,5.81,7.17
759,2.12,3.84,3.35
760,27.2,10.17,1.12
761,12.38,7.6,1.22
762,1.94,4.23,3.61
763,7.82,5.54,1.39
764,1.33,5.59,9.8
765,1.21,7.37,15.11
766,4.84,4.28,1.69
767,1.11,11.62,23.82
768,3.48,3.71,2.11
769,1.64,4.13,5.59
770,13.29,7.83,1.21
771,2.39,3.57,3.02
772,2.16,3.61,3.44
773,3.15,3.73,2.25
774,3.81,3.62,2.04
775,2.68,4.03,2.45
776,1.3,6.03,10.52
777,1.95,3.96,3.78
778,1.15,8.93,21.99
779,3.4,3.69,2.15
780,11.64,6.05,1.28
781,1.86,4.16,3.95
782,3.5,4.06,2.01
783,15.85,8.59,1.18
784,8.3,5.33,1.39
785,2.44,4.01,2.7
786,10.08,5.97,1.31
787,1.34,5.56,9.62
788,3.57,3.91,2.02
789,1.29,6.2,10.75
790,1.59,4.56,5.55
791,1.6,4.61,5.35
792,3.32,3.9,2.12
793,1.27,6.8,10.3
794,2.25,3.83,3.09
795,5.65,4.58,1.58
796,13.35,7,1.23
797,8.7,5.55,1.36
798,1.43,5.08,7.54
799,1.6,4.4,5.56
800,1.66,4.65,4.72
801,1.79,4.23,4.29
802,5.48,4.63,1.58
803,1.12,10.64,23.07
804,4.16,4.23,1.81
805,1.26,6.46,12.58
806,2,3.86,3.68
807,5.72,5.15,1.51
808,4.83,4.69,1.64
809,1.98,4.14,3.54
810,1.19,7.92,16.56
811,3.44,4.08,2.02
812,2.68,3.63,2.62
813,7.83,4.76,1.44
814,1.34,5.58,9.41
815,3.51,3.77,2.08
816,1.53,4.81,6
817,4.4,4.02,1.8
818,1.06,16.16,39.85
819,1.79,4.16,4.33
820,3.85,4.25,1.87
821,4.11,3.8,1.91
822,1.37,5.39,8.56
823,3.55,4.06,1.99
824,9.95,5.95,1.31
825,1.98,4.02,3.62
826,2.44,3.75,2.83
827,1.39,5.33,8.1
828,8.67,5.43,1.37
829,7.6,5.48,1.4
830,2.68,4.05,2.44
831,2.75,3.92,2.44
832,3.26,3.57,2.25
833,1.65,4.62,4.84
834,1.87,3.79,4.34
835,1.4,5.43,7.63
836,1.9,3.89,4.06
837,1.94,3.89,3.89
838,47.34,17.01,1.05
839,1.16,8.87,17.46
840,4.88,4.11,1.72
841,3.29,3.84,2.15
842,2.64,3.58,2.69
843,1.81,4.49,3.93
844,1.39,5.24,8.25
845,4.14,4,1.86
846,1.95,4.16,3.62
847,5.71,4.76,1.55
848,1.61,4.5,5.38
849,2.78,3.62,2.54
850,7.26,5.04,1.44
851,1.28,6.34,11.16
852,1.12,10.42,22.24
853,1.27,6.22,12.26
854,2.48,3.94,2.68
855,3.84,4.02,1.92
856,1,42.66,157.15
857,1.48,4.83,6.86
858,1.2,7.86,14.82
859,1.34,6.22,8.3
860,1.14,9.56,19.82
861,13.23,7.63,1.21
862,1.83,4.37,3.93
863,2.58,3.77,2.65
864,1.19,7.73,15.89
865,13.45,7.26,1.22
866,1.9,3.95,4.02
867,1.73,4.34,4.53
868,3.78,3.68,2.02
869,1.33,5.66,9.64
870,4.84,4.62,1.65
871,2.15,3.79,3.33
872,1.27,6.71,10.74
873,3.23,3.83,2.18
874,1.92,3.9,3.95
875,1.15,8.86,19.58
876,1.79,4.05,4.47
877,4.02,4.09,1.86
878,9.29,5.65,1.34
879,16.44,8.13,1.18
880,2.09,3.99,3.32
881,5.33,4.17,1.66
882,2.91,3.9,2.33
883,4.18,4.01,1.85
884,1.4,5.29,7.82
885,2.36,3.77,2.93
886,3.29,4.08,2.08
887,1.46,4.93,6.92
888,2.87,3.92,2.34
889,5.11,4.12,1.69
890,3.13,3.27,2.47
891,1.42,5.09,7.65
892,1.23,7.1,12.86
893,1.05,17.5,43.52
894,1.8,4.39,4.03
895,1.24,7.08,12.63
896,2,4.1,3.5
897,7.14,4.94,1.45
898,2.67,3.69,2.6
899,1.1,12.02,25.39
900,1.75,4.52,4.2
901,1.24,7,12.72
902,2.16,4.51,2.9
903,1.19,7.51,17.27
904,4.62,4.33,1.72
905,3.03,4.09,2.2
906,6.18,4.97,1.5
907,1.1,11.14,33.83
908,4.84,4.11,1.72
909,5.82,4.15,1.62
910,1.29,6.42,10.32
911,3.39,4.14,2.03
912,1.76,3.93,4.81
913,2.24,3.93,3.04
914,4.76,4.04,1.75
915,1.24,7.02,12.66
916,1.69,3.79,5.72
917,1.53,4.46,6.59
918,1.26,6.34,12.53
919,2.05,4,3.42
920,2.5,3.49,2.91
921,8.09,5.85,1.36
922,1.57,4.47,5.91
923,20.44,9.54,1.14
924,1.35,5.4,9.54
925,5.2,4.41,1.64
926,14.06,7.55,1.21
927,4.61,4.04,1.77
928,2.04,3.91,3.53
929,8.39,5.91,1.35
930,14.92,7.7,1.2
931,1.36,5.62,8.46
932,1.49,5.11,6.2
933,1.61,3.84,6.81
934,1.57,4.61,5.68
935,5.89,5,1.51
936,1.13,10.39,20.63
937,19.31,11.03,1.13
938,1.33,5.54,10
939,1.92,3.75,4.14
940,1.66,4.46,4.88
941,1.41,5.32,7.57
942,10.9,5.46,1.32
943,1.43,5.41,6.78
944,9.03,6.07,1.33
945,3.74,4.12,1.92
946,11.05,6.67,1.27
947,1.16,8.9,18.74
948,2.84,3.99,2.34
949,2.17,4.04,3.12
950,2.59,3.89,2.59
951,1.53,4.75,6.03
952,1.18,8.49,15.33
953,1.3,5.92,11.2
954,3.67,3.71,2.05
955,1.76,4.45,4.22
956,1.06,15.76,48.85
957,1.16,8.48,21.38
958,2.17,3.92,3.17
959,1.31,5.79,10.91
960,4.65,4.16,1.74
961,5.09,4.68,1.61
962,1.22,7.12,13.73
963,7.21,4.87,1.46
964,1.66,4.36,5
965,3.49,3.93,2.04
966,1,50.05,168.3
967,2.84,3.62,2.49
968,2.9,3.57,2.47
969,2.4,3.36,3.16
970,1.34,5.44,9.93
971,9.01,6.41,1.31
972,1.37,5.66,8.21
973,5.86,5.41,1.48
974,4.21,4.47,1.76
975,1.21,7.48,14.88
976,1.28,6.59,10.12
977,2.49,4.06,2.62
978,13.19,7.4,1.22
979,1.71,4.34,4.67
980,1.97,4.02,3.65
981,1.38,5.31,8.7
982,27.19,11.53,1.1
983,3.93,4.15,1.87
984,12.87,7.2,1.23
985,4.11,4.31,1.8
986,7.57,5.86,1.38
987,1.03,22.33,60.39
988,1.58,4.81,5.33
989,1.71,4.54,4.46
990,7.17,5.23,1.43
991,1.1,11.2,28.32
992,3.33,3.74,2.16
993,3.24,3.83,2.17
994,1.78,4.29,4.27
995,2.34,3.68,3.03
996,1.72,4.09,4.93
997,1.45,4.57,8.15
998,5.3,4.42,1.63
999,5.79,4.69,1.55
1000,1.15,9.04,20
1001,1.66,4.47,4.89
1002,4.77,4.15,1.73
1003,13.61,6.86,1.23
1004,1.28,6.68,9.9
1005,7.79,5.68,1.38
1006,3.85,3.8,1.97
1007,2.33,3.92,2.89
1008,1.28,6.49,10.58
1009,1.22,7.31,13.92
1010,1.76,3.73,5.16
1011,17.66,8.64,1.17
1012,2.18,3.84,3.21
1013,9.97,5.81,1.32
1014,2.19,4.22,2.97
1015,12.97,7.41,1.22
1016,1.47,5.11,6.46
1017,1.59,4.48,5.6
1018,1.42,4.99,7.86
1019,23.73,10.23,1.12
1020,1.39,5.22,8.55
1021,1.38,5.08,9.05
1022,3.26,4.17,2.07
1023,4.06,4.4,1.8
1024,2.66,3.65,2.63
1025,1.86,4.42,3.78
1026,1.81,3.89,4.55
1027,1.4,5.43,7.51
1028,2,3.93,3.64
1029,1.74,4.09,4.74
1030,4.38,3.56,1.92
1031,4.12,4.05,1.85
1032,2.64,4.18,2.43
1033,13.36,6.84,1.24
1034,9.6,4.8,1.39
1035,1.21,7.74,13.13
1036,1.35,5.72,8.7
1037,1.21,7.83,13.16
1038,6.66,4.58,1.51
1039,1.35,5.56,8.98
1040,2.46,3.72,2.83
1041,3.21,3.95,2.15
1042,1.58,4.4,5.87
1043,2.03,4.23,3.32
1044,1.27,6.13,12.14
1045,1.73,3.55,5.84
1046,1.27,6.42,11.36
1047,2.56,3.63,2.75
1048,2.64,3.4,2.8
1049,8.05,5.96,1.36
1050,1.61,4.66,5.18
1051,2.39,3.53,3.05
1052,3.38,3.75,2.14
1053,1.12,10.58,22.85
1054,7.84,5.17,1.41
1055,2.09,3.7,3.56
1056,1.49,4.95,6.42
1057,1.53,4.41,6.63
1058,17.38,9.17,1.16
1059,1.97,3.71,3.97
1060,1.47,5.07,6.63
1061,1.03,22.08,62.53
1062,1.35,5.48,9.56
1063,1.14,9.59,20.63
1064,1.17,8.51,18.23
1065,1.44,5.36,6.78
1066,4.97,3.99,1.73
1067,2.8,3.75,2.46
1068,1.3,6.15,10.45
1069,6.43,4.68,1.51
1070,4.21,4,1.84
1071,4.54,3.87,1.81
1072,11.87,6.29,1.27
1073,3,3.79,2.31
1074,2.7,3.34,2.78
1075,1.21,7.27,14.56
1076,2.36,3.89,2.86
1077,1.09,13.08,31.23
1078,3.83,4.11,1.9
1079,6.55,4.74,1.5
1080,9.36,6.06,1.32
1081,1.6,4.51,5.45
1082,1.53,4.72,6.13
1083,1.54,4.75,5.95
1084,4.64,3.88,1.79
1085,19.77,8.39,1.16
1086,1.8,4.02,4.41
1087,4.16,4.07,1.84
1088,5,4.12,1.7
1089,1.95,3.76,3.96
1090,1.01,35.79,128.04
1091,2.77,3.6,2.56
1092,1.4,5.34,7.76
1093,3.44,4.04,2.03
1094,6.45,4.89,1.49
1095,2.07,3.87,3.45
1096,3.03,3.64,2.35
1097,3.35,3.7,2.17
1098,6.26,4.16,1.59
1099,1.02,24.23,86.5
1100,1.59,4.76,5.27
1101,1.53,4.52,6.37
1102,1.19,8.27,14.29
1103,1.38,5.91,7.22
1104,2.03,3.73,3.7
1105,2.02,3.94,3.55
1106,4.56,4.35,1.72
1107,1.82,4.48,3.88
1108,2.2,4.14,2.99
1109,1.08,13.12,32.25
1110,1.75,4.15,4.57
1111,1.57,4.32,6.15
1112,9.92,6.17,1.3
1113,1.6,4.64,5.25
1114,8.87,5.47,1.36
1115,4.18,4.2,1.81
1116,3.21,3.65,2.25
1117,1.94,3.87,3.9
1118,1.12,10.85,23.35
1119,3.72,3.98,1.96
1120,7.94,5.06,1.42
1121,3.28,3.86,2.15
1122,4.01,3.53,2.01
1123,7.54,4.52,1.48
1124,1.38,5.6,8.05
1125,1.27,6.21,12.47
1126,19.47,9.5,1.15
1127,2.07,3.97,3.4
1128,1.48,5.02,6.41
1129,1.11,10.73,25.61
1130,2.73,3.98,2.43
1131,1.41,5.06,8.16
1132,1.23,6.89,13.99
1133,1.7,4.22,4.87
1134,3.33,4.37,2
1135,3.45,3.76,2.11
1136,2.3,3.75,3.04
1137,1.36,5.46,9.12
1138,2.48,3.24,3.14
1139,1.81,4.19,4.17
1140,3.73,4.11,1.93
1141,1.23,6.66,15.55
1142,2.09,4.13,3.22
1143,1.74,4.5,4.32
1144,9.34,5.57,1.35
1145,2.91,3.86,2.34
1146,8.3,5.42,1.38
1147,5.32,4.18,1.66
1148,2.8,4.09,2.34
1149,2.06,3.81,3.53
1150,1.8,4.06,4.4
1151,11.06,5.93,1.3
1152,1.19,7.78,16.45
1153,1.54,4.75,5.81
1154,4,3.71,1.96
1155,3.95,3.82,1.94
1156,1.02,28.61,83.55
1157,2.09,3.96,3.35
1158,3.43,4.03,2.04
1159,10.16,6.58,1.28
1160,3.31,4.12,2.06
1161,12.02,8.05,1.22
1162,13.24,6.57,1.25
1163,1.54,4.68,5.95
1164,1.7,4.43,4.64
1165,2.23,3.46,3.41
1166,2.93,3.3,2.59
1167,1.7,4.46,4.59
1168,1.75,4.36,4.39
1169,1.14,9.34,22.97
1170,7.1,5.23,1.43
1171,3.1,3.73,2.27
1172,5.18,4.73,1.6
1173,1.59,4.73,5.26
1174,2.53,3.66,2.77
1175,1.74,4.45,4.36
1176,10.14,6.02,1.31
1177,1.56,4.39,6.14
1178,1.49,4.4,7.52
1179,1.08,14.34,32.46
1180,1.22,7.19,14.56
1181,1.1,12.13,28.98
1182,3.49,3.8,2.08
1183,4.01,4.04,1.88
1184,6.43,5.62,1.44
1185,1.19,7.7,16.8
1186,7.33,5.2,1.43
1187,3.73,3.99,1.96
1188,2.69,3.81,2.52
1189,1.52,4.5,6.67
1190,2.11,3.65,3.54
1191,1.22,7.27,13.63
1192,1.13,10.25,21.75
1193,1.27,6.56,11.07
1194,3.23,3.64,2.24
1195,1.09,12.5,34.43
1196,1.06,15.61,50.41
1197,6.05,4.39,1.57
1198,4.89,3.88,1.76
1199,3.97,3.89,1.92
1200,2.58,3.58,2.76
1201,1.2,8.13,13.92
1202,9.12,5.63,1.35
1203,1.04,19.4,53.5
1204,4.61,3.83,1.81
1205,1.91,4.29,3.67
1206,1.12,10.27,25.35
1207,7.85,5.26,1.4
1208,1.18,7.97,17.38
1209,4.63,4.43,1.7
1210,2.78,3.74,2.48
1211,3.44,4.08,2.03
1212,1.42,5.31,7.21
1213,6.67,5.11,1.46
1214,2.31,4.09,2.83
1215,1.22,7.1,14.59
1216,1.03,24.09,75.94
1217,1.12,10.59,24.62
1218,3.67,3.52,2.11
1219,3.4,4.07,2.04
1220,4.18,4.41,1.77
1221,12.54,7.11,1.24
1222,5.2,4.27,1.66
1223,14.87,7.19,1.21
1224,1.39,5.37,7.96
1225,1.65,4.65,4.82
1226,1.21,7.5,14.34
1227,15.61,8.82,1.17
1228,1.24,6.66,13.61
1229,1.78,4.19,4.34
1230,1.63,4.5,5.19
1231,4.13,4.47,1.77
1232,2.32,2.99,3.78
1233,1.96,4.17,3.57
1234,2.7,3.81,2.52
1235,3.29,3.83,2.15
1236,1.19,7.56,16.54
1237,3.82,4.28,1.87
1238,1.07,14.98,39.32
1239,1.98,3.89,3.74
1240,1.24,7.13,12.11
1241,11.24,6.24,1.28
1242,2.51,3.6,2.83
1243,2.55,3.64,2.75
1244,1.69,4.36,4.77
1245,3.19,3.88,2.18
1246,7.09,5.34,1.43
1247,1.21,7.21,15
1248,3.46,3.74,2.11
1249,1.61,4.11,5.98
1250,2.13,3.69,3.45
1251,1.28,6.67,9.9
1252,13.16,6.94,1.23
1253,2.98,3.9,2.29
1254,1.38,5.53,7.96
1255,1.31,5.82,10.32
1256,2.96,3.94,2.28
1257,2.01,4.09,3.47
1258,1.2,7.66,14.52
1259,2.77,3.47,2.62
1260,1.59,4.77,5.19
1261,2.76,3.77,2.48
1262,2.85,3.81,2.4
1263,1.2,7.51,16.29
1264,1.04,19.19,59.86
1265,3,3.26,2.56
1266,2.5,4.03,2.62
1267,2.17,3.38,3.65
1268,1.4,4.96,8.8
1269,46.52,16.75,1.05
1270,3.01,3.58,2.39
1271,1.93,4.51,3.43
1272,1.69,4.3,4.85
1273,2.83,3.65,2.49
1274,1.15,9.14,19.99
1275,5.54,4.41,1.61
1276,2.12,4.19,3.14
1277,1.23,7.32,12.93
1278,1.1,11.89,29.98
1279,3.07,3.7,2.3
1280,25.3,13.5,1.09
1281,1.53,4.67,6.09
1282,2.48,3.75,2.78
1283,2.49,3.88,2.7
1284,2.03,3.96,3.5
1285,1.42,4.56,9.23
1286,3.48,3.99,2.03
1287,1.2,7.73,14.91
1288,7.41,5.29,1.42
1289,1.75,3.81,5.11
1290,2.15,3.87,3.25
1291,5.38,4.34,1.63
1292,2.14,3.8,3.33
1293,1.77,4.07,4.56
1294,1.56,4.4,6.22
1295,5.61,4.12,1.64
1296,1.72,4.19,4.78
1297,2.08,4.04,3.31
1298,1.26,6.42,12.6
1299,1.54,4.91,5.6
1300,1.29,6.52,10.08
1301,1.23,6.84,14.65
1302,1.59,4.56,5.48
1303,2.23,3.91,3.06
1304,1.24,6.9,13.21
1305,2.92,3.61,2.44
1306,15.17,7.83,1.2
1307,2.91,3.69,2.41
1308,5.12,4.49,1.63
1309,2.71,3.88,2.48
1310,4.41,3.84,1.84
1311,2.78,4.22,2.31
1312,1.02,25.67,71.16
1313,2.76,3.63,2.55
1314,1.35,5.78,8.64
1315,4.87,4.28,1.69
1316,1.12,11.3,22.3
1317,1.4,5.62,7.37
1318,1.71,4.31,4.69
1319,1.61,4.37,5.57
1320,1.1,11.9,27.49
1321,12.72,7.04,1.24
1322,2.11,4.39,3.05
1323,6.36,4.25,1.57
1324,2.12,3.89,3.33
1325,14.91,6.76,1.23
1326,1.43,5.65,6.53
1327,1.33,5.74,9.44
1328,2.28,3.95,2.96
1329,2.67,3.76,2.57
1330,2.42,3.47,3.05
1331,1.29,6.61,9.79
1332,1.18,8.08,16.41
1333,3.21,4.24,2.07
1334,2.83,3.63,2.5
1335,3.84,3.77,1.98
1336,1.4,5.35,7.66
1337,1.02,24.9,75.25
1338,2.23,3.89,3.08
1339,1.33,6.09,8.91
1340,1.56,4.51,5.91
1341,1.66,4.24,5.25
1342,34.88,14.79,1.07
1343,2.03,3.6,3.84
1344,3.44,3.98,2.05
1345,1.46,5.2,6.49
1346,1.98,3.83,3.79
1347,4.38,3.9,1.83
1348,10.84,6.68,1.27
1349,1.83,4.24,4.05
1350,1.05,18.43,50.45
1351,4.77,4.78,1.64
1352,2.43,3.9,2.76
1353,1.88,4.59,3.57
1354,1.99,4.09,3.54
1355,5.53,4.59,1.58
1356,1.55,4.29,6.66
1357,6.66,5.02,1.47
1358,1.09,12.29,28.67
1359,1.31,5.99,10.27
1360,1.68,4.11,5.26
1361,3.58,3.61,2.11
1362,5.6,4.79,1.56
1363,1.76,3.91,4.87
1364,2.83,4.02,2.33
1365,1.25,6.87,12.18
1366,3.61,3.91,2.01
1367,1.66,4.26,5.21
1368,1.23,6.66,15.6
1369,5.46,4.39,1.62
1370,5.32,4.04,1.68
1371,6.14,4.22,1.59
1372,2.12,3.6,3.57
1373,1.31,6.26,9.61
1374,1.62,4.65,5.07
1375,3.49,3.65,2.13
1376,3.23,3.95,2.14
1377,5.02,4.26,1.68
1378,2.1,3.61,3.62
1379,3.55,3.99,2.01
1380,1.33,5.49,10.26
1381,1.55,4.61,5.99
1382,1.57,4.66,5.54
1383,1.1,11.82,27.15
1384,1.04,19.84,51.99
1385,9.15,5.59,1.35
1386,5.34,4.58,1.6
1387,5.91,4.66,1.55
1388,1.25,6.09,15.02
1389,5.92,4.53,1.56
1390,2.56,3.41,2.89
1391,1.29,6.34,10.3
1392,3.22,4.19,2.08
1393,2.27,3.82,3.06
1394,8.03,5.71,1.37
1395,3.44,3.69,2.14
1396,8.01,5.1,1.41
1397,1.98,3.94,3.67
1398,2.35,3.47,3.17
1399,1.27,6.86,10.59
1400,2.72,3.69,2.56
1401,3.32,4.06,2.07
1402,3.08,3.72,2.29
1403,2.11,3.68,3.52
1404,2.07,3.86,3.48
1405,1.96,4.26,3.52
1406,2.25,3.7,3.18
1407,5.49,4.32,1.62
1408,1.23,6.7,14.64
1409,1.59,4.2,6.1
1410,1.15,10.42,16.16
1411,3.19,4.05,2.13
1412,1.97,3.69,3.98
1413,4.93,4.27,1.69
1414,1.05,16.98,46.02
1415,2.24,3.68,3.2
1416,3.33,3.92,2.11
1417,1.76,4.28,4.37
1418,1.47,4.98,6.75
1419,1.86,3.99,4.14
1420,3.96,4.35,1.83
1421,1.86,3.66,4.57
1422,7.73,5.5,1.39
1423,2.14,3.71,3.4
1424,1.05,16.27,58.63
1425,2.77,3.53,2.59
1426,1.57,4.5,5.81
1427,1.13,9.58,25.62
1428,1.15,9.09,19.58
1429,4.19,3.94,1.86
1430,1.14,9.6,22.06
1431,1.19,7.77,16.46
1432,1.4,5.39,7.79
1433,1.74,4.35,4.44
1434,1.59,4.35,5.85
1435,2.75,3.78,2.49
1436,3.57,4.16,1.96
1437,3.04,3.41,2.45
1438,2.44,3.39,3.08
1439,3.28,3.78,2.17
1440,1.01,30.36,95.59
1441,10.33,6.15,1.3
1442,1.49,4.66,6.87
1443,2.05,4.32,3.23
1444,3.06,4.13,2.17
1445,9.58,5.66,1.34
1446,2.63,3.83,2.57
1447,3.41,3.77,2.12
1448,1.19,7.67,17.67
1449,2.39,3.95,2.8
1450,1.06,15.47,45.4
1451,1.65,4.33,5.17
1452,1.59,4.03,6.52
1453,2.88,4.1,2.27
1454,7.1,5.63,1.41
1455,1.5,4.58,7
1456,1.04,18.91,50.83
1457,2.54,3.77,2.7
1458,1.73,4.07,4.85
1459,7.27,4.29,1.52
1460,25.3,11.22,1.11
1461,1.72,4.33,4.62
1462,1.77,4.19,4.43
1463,2.6,3.62,2.71
1464,7.23,5,1.45
1465,1.01,32.04,108.16
1466,1.94,4.34,3.53
1467,2.19,4.02,3.08
1468,2.72,3.75,2.53
1469,1.44,4.67,8.17
1470,5.52,4.42,1.61
1471,1.36,5.69,8.44
1472,1.2,8.31,13.52
1473,2.09,3.87,3.4
1474,1.57,4.45,5.9
1475,1.77,4,4.68
1476,1.34,5.35,10.29
1477,23.36,9.81,1.13
1478,2.97,4.14,2.21
1479,2.89,3.79,2.38
1480,4.8,4.61,1.65
1481,3.79,4.47,1.84
1482,2.31,3.98,2.9
1483,2.21,3.83,3.15
1484,1.45,5.31,6.61
1485,4.83,4.34,1.69
1486,2.5,4.13,2.58
1487,4.61,4.22,1.74
1488,10.77,7.06,1.26
1489,1.11,10.35,29.56
1490,1.62,4.6,5.11
1491,1.12,10.13,23.64
1492,1.87,4.29,3.83
1493,1.02,24.68,84.59
1494,3.81,3.79,1.98
1495,7.62,5.58,1.39
1496,1.73,4.29,4.57
1497,1.59,4.25,6.06
1498,2.56,3.86,2.63
1499,1.83,4.21,4.08
1500,7.02,4.72,1.48
1501,2.08,3.58,3.7
1502,1.14,9.54,21.56
1503,1.38,5.63,7.93
1504,1.51,4.29,7.52
1505,2.09,3.95,3.35
1506,1.38,5.6,7.96
1507,1.42,4.92,8.03
1508,14.16,8.84,1.18
1509,1.68,4,5.42
1510,5.13,4.56,1.62
1511,1.35,5.84,8.28
1512,10.62,7.05,1.26
