SeasonID,Gameweek,MatchID,HomeTeamID,HomeScore,HomeShots,AwayTeamID,AwayScore,AwayShots
1,1,1,7,1,17,1,1,12
1,1,2,6,1,8,8,3,17
1,1,3,5,5,21,9,1,7
1,1,4,4,2,25,10,0,8
1,1,5,3,3,13,11,3,19
1,1,6,2,2,11,12,1,20
1,1,7,28,1,18,13,1,11
1,1,8,27,3,17,14,1,7
1,1,9,26,0,4,15,2,30
1,1,10,25,0,8,16,0,13
1,1,11,24,2,10,17,1,8
1,1,12,23,2,14,18,3,16
1,1,13,22,1,10,19,4,17
1,1,14,21,0,35,20,0,4
1,2,15,2,0,9,1,2,18
1,2,16,28,3,19,3,0,9
1,2,17,27,0,9,4,0,11
1,2,18,26,2,15,5,1,17
1,2,19,25,0,8,6,2,17
1,2,20,24,4,18,7,1,14
1,2,21,23,0,9,8,0,13
1,2,22,22,2,17,9,0,6
1,2,23,21,1,25,10,1,4
1,2,24,20,1,12,11,1,17
1,2,25,19,3,29,12,1,4
1,2,26,18,2,21,13,1,21
1,2,27,17,1,15,14,0,6
1,2,28,16,2,7,15,4,23
1,3,29,25,1,9,1,3,14
1,3,30,24,2,18,26,0,6
1,3,31,23,1,7,27,2,18
1,3,32,22,2,16,28,0,7
1,3,33,21,1,21,2,1,8
1,3,34,20,0,10,3,0,6
1,3,35,19,0,10,4,0,14
1,3,36,18,2,10,5,1,16
1,3,37,17,2,10,6,3,19
1,3,38,16,1,10,7,0,11
1,3,39,15,3,17,8,1,14
1,3,40,14,0,13,9,1,13
1,3,41,13,2,14,10,1,12
1,3,42,12,3,17,11,2,14
1,4,43,1,1,16,13,1,12
1,4,44,14,2,15,12,0,6
1,4,45,15,3,25,11,1,8
1,4,46,16,2,20,10,0,10
1,4,47,17,1,20,9,0,2
1,4,48,18,3,10,8,1,17
1,4,49,19,1,17,7,3,12
1,4,50,20,0,9,6,6,17
1,4,51,21,1,5,5,2,15
1,4,52,22,3,18,4,3,9
1,4,53,23,1,14,3,1,10
1,4,54,24,2,27,2,0,12
1,4,55,25,2,11,28,1,10
1,4,56,26,0,1,27,4,20
1,5,57,1,5,20,28,1,8
1,5,58,2,2,7,27,6,26
1,5,59,3,1,23,26,1,7
1,5,60,4,3,24,25,0,8
1,5,61,5,1,27,24,2,7
1,5,62,6,5,23,23,0,11
1,5,63,7,1,15,22,0,12
1,5,64,8,2,22,21,1,6
1,5,65,9,2,19,20,2,17
1,5,66,10,1,6,19,3,22
1,5,67,11,2,11,18,0,8
1,5,68,12,2,14,17,2,14
1,5,69,13,2,14,16,2,6
1,5,70,14,1,9,15,4,18
1,6,71,1,1,14,5,1,19
1,6,72,6,3,15,4,1,8
1,6,73,7,2,19,3,1,11
1,6,74,8,5,34,2,0,4
1,6,75,9,0,10,28,1,11
1,6,76,10,0,5,27,1,26
1,6,77,11,4,22,26,0,8
1,6,78,12,2,13,25,1,9
1,6,79,13,3,18,24,3,15
1,6,80,14,2,14,23,0,12
1,6,81,15,4,20,22,1,9
1,6,82,16,1,11,21,5,22
1,6,83,17,4,25,20,0,7
1,6,84,18,0,6,19,1,14
1,7,85,1,2,20,16,1,19
1,7,86,17,0,10,15,3,13
1,7,87,18,0,12,14,1,10
1,7,88,19,1,21,13,0,4
1,7,89,20,1,8,12,2,15
1,7,90,21,3,14,11,0,10
1,7,91,22,1,12,10,0,4
1,7,92,23,5,16,9,1,9
1,7,93,24,0,8,8,2,15
1,7,94,25,0,11,7,1,18
1,7,95,26,0,6,6,0,16
1,7,96,27,2,17,5,0,7
1,7,97,28,0,13,4,1,15
1,7,98,2,1,16,3,2,9
1,8,99,9,0,15,1,1,18
1,8,100,8,2,33,10,1,5
1,8,101,7,0,13,11,2,12
1,8,102,6,2,24,12,0,4
1,8,103,5,1,20,13,3,12
1,8,104,4,1,17,14,1,3
1,8,105,3,0,6,15,5,24
1,8,106,2,1,9,16,1,12
1,8,107,28,3,15,17,1,11
1,8,108,27,3,18,18,3,11
1,8,109,26,1,12,19,4,15
1,8,110,25,3,16,20,1,12
1,8,111,24,2,9,21,0,13
1,8,112,23,3,15,22,0,10
1,9,113,4,0,12,1,0,9
1,9,114,3,1,8,5,5,17
1,9,115,2,0,9,6,2,19
1,9,116,28,1,8,7,1,5
1,9,117,27,1,13,8,3,15
1,9,118,26,1,8,9,2,20
1,9,119,25,0,16,10,3,14
1,9,120,24,1,16,11,1,8
1,9,121,23,0,15,12,1,10
1,9,122,22,1,10,13,2,11
1,9,123,21,3,17,14,2,11
1,9,124,20,0,5,15,2,29
1,9,125,19,5,27,16,0,4
1,9,126,18,3,11,17,1,13
1,10,127,1,1,13,23,2,9
1,10,128,24,2,13,22,2,18
1,10,129,25,1,7,21,1,11
1,10,130,26,4,13,20,0,12
1,10,131,27,1,17,19,1,12
1,10,132,28,0,12,18,2,6
1,10,133,2,2,11,17,2,5
1,10,134,3,2,14,16,1,4
1,10,135,4,3,16,15,3,18
1,10,136,5,1,26,14,1,5
1,10,137,6,0,13,13,2,11
1,10,138,7,4,14,12,1,7
1,10,139,8,2,28,11,0,3
1,10,140,9,1,15,10,0,6
1,11,141,8,2,21,1,0,9
1,11,142,7,1,27,9,1,7
1,11,143,6,3,23,10,1,4
1,11,144,5,2,17,11,2,9
1,11,145,4,6,26,12,0,1
1,11,146,3,2,11,13,4,24
1,11,147,2,0,12,14,0,17
1,11,148,28,1,9,15,0,18
1,11,149,27,2,23,16,1,5
1,11,150,26,0,6,17,0,8
1,11,151,25,0,10,18,0,16
1,11,152,24,1,23,19,1,5
1,11,153,23,3,17,20,3,18
1,11,154,22,1,21,21,0,8
1,12,155,1,6,28,2,1,8
1,12,156,3,1,15,28,1,16
1,12,157,4,3,9,27,0,14
1,12,158,5,5,21,26,0,5
1,12,159,6,5,24,25,0,8
1,12,160,7,2,15,24,1,8
1,12,161,8,4,29,23,0,1
1,12,162,9,1,9,22,0,13
1,12,163,10,2,9,21,1,17
1,12,164,11,3,15,20,0,6
1,12,165,12,0,8,19,2,16
1,12,166,13,0,18,18,0,11
1,12,167,14,0,4,17,1,12
1,12,168,15,3,38,16,3,10
1,13,169,1,5,19,27,1,11
1,13,170,28,1,22,26,1,11
1,13,171,2,0,11,25,1,12
1,13,172,3,0,14,24,1,15
1,13,173,4,2,21,23,0,3
1,13,174,5,1,12,22,2,7
1,13,175,6,1,21,21,2,6
1,13,176,7,4,27,20,0,7
1,13,177,8,1,13,19,1,8
1,13,178,9,2,9,18,0,8
1,13,179,10,1,8,17,1,11
1,13,180,11,2,13,16,2,9
1,13,181,12,2,10,15,3,20
1,13,182,13,2,19,14,2,13
1,14,183,14,1,11,1,0,8
1,14,184,13,0,5,15,2,15
1,14,185,12,0,14,16,0,19
1,14,186,11,5,18,17,1,13
1,14,187,10,1,4,18,2,12
1,14,188,9,1,3,19,4,21
1,14,189,8,5,31,20,4,8
1,14,190,7,1,11,21,2,10
1,14,191,6,3,20,22,1,14
1,14,192,5,1,17,23,1,10
1,14,193,4,3,24,24,1,11
1,14,194,3,2,11,25,2,13
1,14,195,2,1,13,26,1,12
1,14,196,28,1,12,27,2,15
1,15,197,1,0,9,4,1,13
1,15,198,5,5,25,3,0,3
1,15,199,6,2,27,2,1,11
1,15,200,7,1,10,28,2,12
1,15,201,8,1,20,27,0,12
1,15,202,9,2,20,26,1,8
1,15,203,10,2,9,25,1,18
1,15,204,11,1,11,24,1,15
1,15,205,12,0,8,23,2,10
1,15,206,13,0,12,22,0,10
1,15,207,14,3,14,21,2,14
1,15,208,15,6,38,20,0,5
1,15,209,16,0,8,19,5,16
1,15,210,17,2,27,18,1,8
1,16,211,1,2,12,19,1,13
1,16,212,20,0,12,18,4,13
1,16,213,21,2,14,17,1,14
1,16,214,22,0,15,16,0,10
1,16,215,23,1,7,15,2,24
1,16,216,24,3,20,14,1,11
1,16,217,25,1,8,13,1,16
1,16,218,26,2,20,12,1,15
1,16,219,27,3,18,11,2,11
1,16,220,28,0,19,10,0,8
1,16,221,2,1,12,9,1,18
1,16,222,3,0,12,8,2,19
1,16,223,4,6,23,7,1,6
1,16,224,5,4,22,6,1,10
1,17,225,1,0,12,22,0,7
1,17,226,23,1,6,21,0,18
1,17,227,24,4,32,20,1,6
1,17,228,25,0,7,19,3,23
1,17,229,26,0,8,18,3,17
1,17,230,27,1,15,17,0,10
1,17,231,28,3,11,16,1,12
1,17,232,2,1,9,15,7,24
1,17,233,3,1,15,14,1,13
1,17,234,4,5,15,13,1,8
1,17,235,5,5,27,12,1,9
1,17,236,6,5,21,11,0,5
1,17,237,7,3,31,10,0,5
1,17,238,8,3,22,9,0,3
1,18,239,1,4,30,26,1,5
1,18,240,27,3,32,25,1,6
1,18,241,28,2,14,24,1,10
1,18,242,2,0,12,23,4,19
1,18,243,3,0,10,22,0,11
1,18,244,4,2,18,21,1,9
1,18,245,5,2,28,20,0,3
1,18,246,6,0,5,19,3,12
1,18,247,7,4,21,18,2,10
1,18,248,8,3,15,17,1,9
1,18,249,9,2,11,16,1,7
1,18,250,10,0,10,15,4,30
1,18,251,11,3,15,14,2,7
1,18,252,12,0,8,13,0,14
1,19,253,5,3,20,1,0,7
1,19,254,4,0,9,6,1,8
1,19,255,3,1,14,7,1,10
1,19,256,2,0,5,8,1,14
1,19,257,28,0,17,9,0,7
1,19,258,27,2,19,10,0,7
1,19,259,26,0,10,11,0,17
1,19,260,25,2,14,12,5,16
1,19,261,24,2,21,13,0,11
1,19,262,23,1,13,14,1,8
1,19,263,22,1,11,15,3,12
1,19,264,21,2,13,16,2,8
1,19,265,20,2,6,17,1,20
1,19,266,19,1,9,18,1,6
1,20,267,1,1,19,24,1,14
1,20,268,25,2,16,23,2,14
1,20,269,26,3,11,22,2,11
1,20,270,27,0,16,21,1,8
1,20,271,28,5,20,20,0,9
1,20,272,2,1,5,19,0,11
1,20,273,3,2,15,18,2,17
1,20,274,4,0,15,17,0,9
1,20,275,5,3,27,16,1,7
1,20,276,6,0,9,15,1,13
1,20,277,7,7,29,14,1,7
1,20,278,8,3,29,13,2,11
1,20,279,9,6,30,12,2,8
1,20,280,10,0,9,11,2,15
1,21,281,1,0,11,17,1,10
1,21,282,18,0,18,16,0,10
1,21,283,19,0,13,15,3,20
1,21,284,20,2,13,14,1,11
1,21,285,21,2,10,13,1,10
1,21,286,22,4,19,12,1,6
1,21,287,23,1,12,11,0,9
1,21,288,24,2,24,10,0,10
1,21,289,25,0,6,9,2,11
1,21,290,26,0,6,8,2,23
1,21,291,27,3,17,7,1,4
1,21,292,28,1,10,6,1,9
1,21,293,2,1,7,5,2,20
1,21,294,3,1,7,4,3,26
1,22,295,17,2,14,1,1,10
1,22,296,16,1,12,18,2,8
1,22,297,15,3,26,19,1,11
1,22,298,14,3,22,20,2,3
1,22,299,13,2,20,21,3,15
1,22,300,12,0,10,22,1,15
1,22,301,11,3,22,23,0,8
1,22,302,10,0,8,24,3,16
1,22,303,9,1,15,25,0,6
1,22,304,8,4,26,26,1,6
1,22,305,7,2,10,27,1,12
1,22,306,6,3,21,28,0,7
1,22,307,5,2,27,2,0,3
1,22,308,4,2,16,3,3,10
1,23,309,15,3,25,1,0,12
1,23,310,14,1,13,16,0,6
1,23,311,13,0,13,17,1,8
1,23,312,12,1,19,18,0,5
1,23,313,11,1,10,19,1,16
1,23,314,10,2,9,20,1,9
1,23,315,9,0,9,21,2,11
1,23,316,8,2,14,22,0,6
1,23,317,7,2,20,23,0,6
1,23,318,6,1,11,24,1,7
1,23,319,5,4,31,25,0,6
1,23,320,4,4,28,26,1,9
1,23,321,3,1,6,27,0,26
1,23,322,2,0,12,28,2,13
1,24,323,19,2,25,1,1,17
1,24,324,18,3,18,20,2,6
1,24,325,17,0,15,21,0,15
1,24,326,16,1,9,22,1,10
1,24,327,15,3,31,23,0,4
1,24,328,14,1,14,24,0,15
1,24,329,13,2,19,25,0,8
1,24,330,12,2,17,26,1,8
1,24,331,11,1,8,27,1,10
1,24,332,10,2,8,28,1,16
1,24,333,9,0,17,2,1,8
1,24,334,8,4,18,3,2,6
1,24,335,7,1,14,4,1,14
1,24,336,6,0,15,5,2,11
1,25,337,1,1,7,11,1,7
1,25,338,12,1,16,10,1,8
1,25,339,13,1,21,9,1,5
1,25,340,14,0,8,8,3,17
1,25,341,15,2,24,7,0,5
1,25,342,16,0,12,6,5,23
1,25,343,17,0,10,5,1,15
1,25,344,18,0,7,4,3,17
1,25,345,19,1,17,3,0,8
1,25,346,20,2,9,2,0,4
1,25,347,21,1,15,28,1,14
1,25,348,22,1,13,27,1,9
1,25,349,23,5,20,26,0,10
1,25,350,24,4,20,25,0,4
1,26,351,24,0,14,1,0,9
1,26,352,23,3,17,25,0,9
1,26,353,22,2,13,26,0,1
1,26,354,21,0,14,27,3,14
1,26,355,20,1,9,28,2,12
1,26,356,19,3,25,2,1,8
1,26,357,18,1,17,3,2,11
1,26,358,17,0,11,4,1,9
1,26,359,16,2,8,5,3,20
1,26,360,15,3,16,6,1,13
1,26,361,14,0,7,7,1,9
1,26,362,13,1,15,8,2,13
1,26,363,12,1,11,9,1,11
1,26,364,11,4,25,10,0,6
1,27,365,3,0,12,1,1,13
1,27,366,2,0,4,4,3,19
1,27,367,28,0,8,5,0,13
1,27,368,27,1,20,6,1,8
1,27,369,26,0,10,7,6,21
1,27,370,25,1,9,8,6,25
1,27,371,24,6,23,9,1,6
1,27,372,23,3,16,10,1,9
1,27,373,22,3,16,11,0,16
1,27,374,21,3,18,12,1,7
1,27,375,20,0,5,13,2,11
1,27,376,19,2,16,14,2,10
1,27,377,18,0,9,15,2,20
1,27,378,17,1,21,16,0,5
1,28,379,1,1,17,9,2,11
1,28,380,10,0,7,8,6,27
1,28,381,11,0,9,7,2,20
1,28,382,12,1,10,6,4,18
1,28,383,13,2,12,5,2,19
1,28,384,14,2,9,4,5,18
1,28,385,15,1,27,3,1,6
1,28,386,16,1,11,2,2,11
1,28,387,17,1,11,28,0,7
1,28,388,18,0,11,27,5,21
1,28,389,19,1,31,26,0,9
1,28,390,20,2,11,25,3,15
1,28,391,21,1,10,24,0,15
1,28,392,22,3,10,23,1,13
1,29,393,6,2,15,1,1,12
1,29,394,5,1,16,7,1,16
1,29,395,4,0,9,8,0,12
1,29,396,3,3,17,9,3,15
1,29,397,2,1,16,10,2,11
1,29,398,28,1,18,11,1,13
1,29,399,27,0,15,12,0,5
1,29,400,26,1,8,13,0,18
1,29,401,25,1,7,14,0,7
1,29,402,24,1,14,15,3,14
1,29,403,23,4,21,16,0,8
1,29,404,22,2,16,17,1,14
1,29,405,21,3,18,18,0,9
1,29,406,20,0,7,19,4,20
1,30,407,20,1,7,1,2,19
1,30,408,19,1,16,21,1,8
1,30,409,18,1,12,22,0,14
1,30,410,17,2,10,23,0,4
1,30,411,16,1,16,24,3,27
1,30,412,15,2,29,25,1,11
1,30,413,14,2,19,26,2,12
1,30,414,13,1,11,27,1,16
1,30,415,12,2,9,28,2,9
1,30,416,11,2,19,2,0,7
1,30,417,10,1,17,3,3,14
1,30,418,9,0,10,4,0,21
1,30,419,8,1,15,5,1,5
1,30,420,7,1,17,6,1,13
1,31,421,26,1,11,1,0,17
1,31,422,25,2,13,27,6,17
1,31,423,24,1,16,28,1,7
1,31,424,23,3,25,2,2,14
1,31,425,22,5,23,3,0,7
1,31,426,21,2,8,4,2,20
1,31,427,20,0,6,5,4,18
1,31,428,19,1,10,6,0,7
1,31,429,18,0,9,7,1,16
1,31,430,17,3,8,8,1,17
1,31,431,16,0,8,9,1,8
1,31,432,15,7,27,10,0,4
1,31,433,14,2,12,11,1,13
1,31,434,13,1,16,12,0,9
1,32,435,1,3,16,18,0,6
1,32,436,19,1,22,17,0,6
1,32,437,20,2,11,16,0,6
1,32,438,21,3,14,15,1,15
1,32,439,22,0,16,14,2,8
1,32,440,23,1,12,13,2,10
1,32,441,24,2,19,12,0,5
1,32,442,25,0,9,11,2,17
1,32,443,26,1,10,10,1,8
1,32,444,27,1,24,9,0,12
1,32,445,28,1,9,8,0,9
1,32,446,2,1,7,7,2,19
1,32,447,3,0,5,6,4,21
1,32,448,4,1,17,5,1,10
1,33,449,1,0,12,25,0,7
1,33,450,26,1,7,24,2,24
1,33,451,27,1,16,23,2,10
1,33,452,28,0,13,22,1,12
1,33,453,2,0,7,21,2,14
1,33,454,3,2,9,20,2,9
1,33,455,4,4,15,19,1,16
1,33,456,5,9,40,18,2,8
1,33,457,6,2,15,17,0,7
1,33,458,7,3,16,16,0,6
1,33,459,8,2,16,15,1,14
1,33,460,9,1,20,14,3,13
1,33,461,10,0,9,13,1,17
1,33,462,11,2,16,12,1,10
1,34,463,1,0,15,15,2,24
1,34,464,16,0,6,14,0,9
1,34,465,17,6,15,13,0,5
1,34,466,18,0,16,12,0,11
1,34,467,19,2,18,11,0,5
1,34,468,20,1,12,10,0,5
1,34,469,21,4,17,9,2,11
1,34,470,22,2,10,8,1,9
1,34,471,23,2,9,7,4,22
1,34,472,24,2,16,6,2,15
1,34,473,25,0,3,5,5,35
1,34,474,26,0,6,4,2,19
1,34,475,27,3,22,3,2,7
1,34,476,28,0,25,2,0,14
1,35,477,11,1,13,1,1,13
1,35,478,10,2,17,12,2,12
1,35,479,9,0,9,13,0,6
1,35,480,8,2,24,14,1,7
1,35,481,7,1,4,15,4,22
1,35,482,6,3,25,16,0,10
1,35,483,5,2,18,17,0,15
1,35,484,4,3,16,18,0,12
1,35,485,3,2,13,19,2,24
1,35,486,2,2,23,20,1,12
1,35,487,28,1,17,21,0,9
1,35,488,27,1,18,22,1,8
1,35,489,26,0,16,23,2,14
1,35,490,25,0,9,24,5,12
1,36,491,12,0,5,1,3,17
1,36,492,11,2,8,13,0,14
1,36,493,10,2,10,14,0,18
1,36,494,9,1,8,15,2,15
1,36,495,8,2,21,16,1,2
1,36,496,7,5,15,17,1,10
1,36,497,6,2,30,18,0,8
1,36,498,5,0,17,19,1,11
1,36,499,4,2,25,20,0,5
1,36,500,3,0,10,21,3,12
1,36,501,2,4,14,22,5,21
1,36,502,28,1,13,23,2,15
1,36,503,27,1,11,24,0,10
1,36,504,26,1,13,25,3,8
1,37,505,1,4,20,10,1,8
1,37,506,11,3,17,9,0,8
1,37,507,12,3,13,8,3,22
1,37,508,13,5,19,7,1,7
1,37,509,14,2,8,6,2,13
1,37,510,15,2,15,5,0,11
1,37,511,16,2,8,4,8,21
1,37,512,17,5,27,3,1,9
1,37,513,18,6,27,2,0,14
1,37,514,19,4,21,28,0,10
1,37,515,20,0,5,27,1,15
1,37,516,21,3,23,26,1,7
1,37,517,22,4,23,25,0,7
1,37,518,23,0,7,24,0,16
1,38,519,22,0,19,1,1,8
1,38,520,21,3,17,23,0,7
1,38,521,20,0,5,24,5,28
1,38,522,19,2,16,25,2,5
1,38,523,18,1,14,26,1,9
1,38,524,17,2,15,27,2,14
1,38,525,16,2,15,28,3,17
1,38,526,15,8,28,2,1,6
1,38,527,14,0,12,3,0,9
1,38,528,13,0,8,4,1,14
1,38,529,12,1,12,5,1,14
1,38,530,11,0,9,6,0,10
1,38,531,10,1,10,7,2,22
1,38,532,9,0,8,8,1,14
1,39,533,13,2,10,1,2,9
1,39,534,12,2,14,14,1,14
1,39,535,11,0,9,15,2,27
1,39,536,10,3,14,16,2,11
1,39,537,9,0,15,17,1,11
1,39,538,8,2,19,18,0,7
1,39,539,7,0,13,19,1,13
1,39,540,6,3,17,20,1,7
1,39,541,5,1,20,21,1,12
1,39,542,4,1,11,22,0,12
1,39,543,3,0,13,23,1,13
1,39,544,2,1,7,24,4,17
1,39,545,28,3,20,25,0,5
1,39,546,27,4,30,26,2,7
1,40,547,16,1,10,1,1,8
1,40,548,15,3,19,17,0,8
1,40,549,14,0,3,18,0,8
1,40,550,13,0,11,19,2,14
1,40,551,12,2,15,20,1,6
1,40,552,11,1,11,21,2,15
1,40,553,10,1,8,22,2,17
1,40,554,9,0,11,23,1,11
1,40,555,8,3,28,24,3,14
1,40,556,7,4,18,25,2,13
1,40,557,6,3,19,26,1,2
1,40,558,5,2,16,27,3,15
1,40,559,4,0,19,28,1,8
1,40,560,3,0,11,2,0,7
1,41,561,21,4,14,1,1,11
1,41,562,20,0,13,22,2,14
1,41,563,19,3,27,23,2,6
1,41,564,18,1,8,24,0,11
1,41,565,17,5,27,25,1,9
1,41,566,16,2,13,26,2,10
1,41,567,15,1,12,27,1,6
1,41,568,14,0,8,28,3,12
1,41,569,13,4,24,2,0,11
1,41,570,12,2,10,3,4,18
1,41,571,11,2,16,4,3,15
1,41,572,10,3,12,5,6,28
1,41,573,9,0,7,6,1,15
1,41,574,8,6,20,7,0,5
1,42,575,28,1,6,1,0,8
1,42,576,27,5,25,2,2,11
1,42,577,26,1,7,3,2,19
1,42,578,25,0,9,4,5,21
1,42,579,24,2,13,5,2,17
1,42,580,23,1,8,6,3,24
1,42,581,22,0,10,7,0,5
1,42,582,21,1,8,8,3,18
1,42,583,20,2,18,9,4,17
1,42,584,19,4,37,10,0,3
1,42,585,18,1,9,11,0,8
1,42,586,17,7,26,12,2,6
1,42,587,16,0,11,13,4,15
1,42,588,15,8,47,14,0,4
1,43,589,23,1,9,1,2,13
1,43,590,22,1,16,24,2,6
1,43,591,21,0,10,25,0,9
1,43,592,20,0,6,26,2,12
1,43,593,19,3,10,27,2,19
1,43,594,18,1,11,28,0,10
1,43,595,17,6,19,2,0,2
1,43,596,16,1,15,3,4,21
1,43,597,15,2,17,4,0,8
1,43,598,14,1,4,5,3,18
1,43,599,13,3,11,6,0,9
1,43,600,12,0,8,7,2,14
1,43,601,11,2,8,8,1,16
1,43,602,10,1,9,9,1,8
1,44,603,1,1,23,20,0,1
1,44,604,21,5,20,19,2,19
1,44,605,22,4,18,18,0,5
1,44,606,23,3,13,17,0,10
1,44,607,24,3,27,16,0,7
1,44,608,25,0,7,15,2,17
1,44,609,26,0,3,14,1,16
1,44,610,27,5,15,13,0,10
1,44,611,28,3,24,12,0,4
1,44,612,2,1,6,11,0,17
1,44,613,3,2,22,10,0,6
1,44,614,4,3,21,9,1,7
1,44,615,5,4,20,8,4,9
1,44,616,6,1,17,7,1,9
1,45,617,1,2,12,7,3,11
1,45,618,8,2,12,6,0,3
1,45,619,9,0,9,5,1,17
1,45,620,10,0,3,4,10,38
1,45,621,11,1,16,3,3,9
1,45,622,12,1,10,2,0,11
1,45,623,13,3,14,28,0,9
1,45,624,14,0,8,27,3,18
1,45,625,15,2,32,26,0,10
1,45,626,16,4,16,25,0,8
1,45,627,17,1,10,24,3,10
1,45,628,18,2,16,23,5,14
1,45,629,19,2,15,22,0,8
1,45,630,20,1,11,21,3,17
1,46,631,1,2,20,21,2,13
1,46,632,22,2,22,20,1,4
1,46,633,23,2,13,19,1,20
1,46,634,24,4,23,18,0,6
1,46,635,25,0,12,17,4,12
1,46,636,26,0,8,16,3,13
1,46,637,27,1,6,15,3,10
1,46,638,28,0,13,14,2,9
1,46,639,2,3,15,13,0,16
1,46,640,3,1,22,12,2,11
1,46,641,4,7,27,11,0,5
1,46,642,5,2,21,10,0,3
1,46,643,6,1,23,9,0,8
1,46,644,7,0,14,8,3,16
1,47,645,1,2,24,3,0,5
1,47,646,4,4,23,2,0,4
1,47,647,5,2,20,28,1,7
1,47,648,6,1,10,27,3,12
1,47,649,7,2,25,26,0,4
1,47,650,8,5,31,25,1,10
1,47,651,9,0,15,24,3,12
1,47,652,10,0,4,23,1,7
1,47,653,11,3,11,22,0,12
1,47,654,12,3,13,21,0,12
1,47,655,13,5,23,20,3,9
1,47,656,14,0,8,19,1,15
1,47,657,15,3,26,18,1,6
1,47,658,16,0,8,17,0,8
1,48,659,1,4,15,14,0,7
1,48,660,15,1,27,13,1,9
1,48,661,16,3,23,12,2,18
1,48,662,17,3,11,11,1,12
1,48,663,18,1,19,10,0,4
1,48,664,19,3,23,9,2,6
1,48,665,20,1,8,8,3,26
1,48,666,21,3,13,7,1,19
1,48,667,22,2,15,6,3,10
1,48,668,23,1,12,5,7,23
1,48,669,24,1,7,4,3,14
1,48,670,25,1,13,3,2,14
1,48,671,26,2,16,2,2,13
1,48,672,27,2,16,28,3,8
1,49,673,10,0,7,1,1,14
1,49,674,9,0,8,11,1,8
1,49,675,8,5,22,12,1,7
1,49,676,7,0,10,13,0,6
1,49,677,6,3,19,14,0,4
1,49,678,5,2,11,15,1,19
1,49,679,4,3,22,16,1,5
1,49,680,3,0,4,17,2,17
1,49,681,2,1,12,18,2,13
1,49,682,28,0,5,19,3,7
1,49,683,27,4,24,20,1,8
1,49,684,26,1,9,21,1,13
1,49,685,25,2,9,22,1,17
1,49,686,24,5,29,23,1,3
1,50,687,27,2,23,1,1,11
1,50,688,26,4,15,28,4,21
1,50,689,25,0,12,2,0,13
1,50,690,24,3,16,3,1,7
1,50,691,23,0,6,4,3,20
1,50,692,22,1,14,5,0,13
1,50,693,21,3,14,6,2,9
1,50,694,20,0,4,7,2,17
1,50,695,19,1,10,8,0,9
1,50,696,18,0,9,9,1,10
1,50,697,17,8,30,10,1,5
1,50,698,16,0,13,11,1,11
1,50,699,15,1,28,12,0,10
1,50,700,14,2,9,13,1,15
1,51,701,18,2,14,1,5,17
1,51,702,17,0,9,19,0,13
1,51,703,16,2,10,20,0,10
1,51,704,15,3,17,21,3,14
1,51,705,14,1,8,22,2,10
1,51,706,13,1,20,23,2,14
1,51,707,12,3,14,24,1,14
1,51,708,11,2,28,25,0,7
1,51,709,10,2,10,26,0,8
1,51,710,9,1,11,27,2,18
1,51,711,8,3,16,28,1,8
1,51,712,7,2,20,2,0,9
1,51,713,6,3,27,3,1,9
1,51,714,5,2,18,4,0,6
1,52,715,1,0,18,12,1,9
1,52,716,13,0,19,11,2,12
1,52,717,14,4,15,10,1,7
1,52,718,15,6,32,9,0,5
1,52,719,16,0,5,8,1,23
1,52,720,17,2,17,7,2,16
1,52,721,18,0,13,6,4,13
1,52,722,19,1,14,5,2,7
1,52,723,20,1,9,4,5,23
1,52,724,21,2,15,3,2,10
1,52,725,22,3,25,2,0,9
1,52,726,23,3,11,28,3,11
1,52,727,24,0,9,27,4,15
1,52,728,25,2,10,26,0,6
1,53,729,1,1,7,6,2,15
1,53,730,7,1,7,5,3,17
1,53,731,8,1,14,4,0,10
1,53,732,9,0,8,3,3,11
1,53,733,10,1,9,2,1,15
1,53,734,11,3,10,28,2,17
1,53,735,12,1,10,27,1,17
1,53,736,13,2,21,26,0,8
1,53,737,14,3,18,25,1,9
1,53,738,15,2,24,24,0,10
1,53,739,16,1,18,23,2,14
1,53,740,17,0,8,22,1,12
1,53,741,18,1,12,21,2,8
1,53,742,19,4,25,20,1,9
1,54,743,1,0,9,8,0,15
1,54,744,9,1,9,7,2,10
1,54,745,10,0,8,6,1,21
1,54,746,11,0,5,5,2,14
1,54,747,12,0,6,4,2,17
1,54,748,13,3,18,3,0,10
1,54,749,14,3,15,2,1,12
1,54,750,15,3,17,28,1,8
1,54,751,16,0,4,27,7,20
1,54,752,17,1,15,26,2,9
1,54,753,18,2,12,25,0,9
1,54,754,19,3,21,24,1,6
1,54,755,20,0,8,23,2,6
1,54,756,21,1,21,22,0,12
2,1,757,2,1,14,1,2,16
2,1,758,28,5,25,3,1,7
2,1,759,27,0,7,4,1,15
2,1,760,26,2,7,5,6,27
2,1,761,25,0,6,6,3,17
2,1,762,24,2,9,7,1,12
2,1,763,23,1,11,8,3,16
2,1,764,22,0,19,9,1,9
2,1,765,21,2,25,10,1,5
2,1,766,20,2,12,11,2,13
2,1,767,19,3,28,12,0,6
2,1,768,18,0,6,13,2,9
2,1,769,17,2,12,14,0,7
2,1,770,16,0,5,15,2,27
2,2,771,1,3,13,17,1,9
2,2,772,18,4,13,16,1,9
2,2,773,19,2,9,15,1,11
2,2,774,20,1,11,14,0,7
2,2,775,21,2,23,13,2,12
2,2,776,22,1,21,12,0,7
2,2,777,23,1,18,11,2,10
2,2,778,24,3,20,10,0,5
2,2,779,25,1,11,9,1,13
2,2,780,26,0,5,8,5,32
2,2,781,27,1,9,7,4,19
2,2,782,28,3,13,6,3,14
2,2,783,2,0,6,5,4,27
2,2,784,3,1,12,4,3,15
2,3,785,21,3,13,1,2,9
2,3,786,20,2,10,22,3,14
2,3,787,19,1,14,23,0,11
2,3,788,18,0,9,24,0,8
2,3,789,17,1,17,25,1,9
2,3,790,16,1,14,26,0,9
2,3,791,15,3,18,27,0,11
2,3,792,14,0,11,28,1,11
2,3,793,13,3,28,2,0,6
2,3,794,12,3,15,3,1,9
2,3,795,11,0,6,4,3,15
2,3,796,10,1,6,5,2,17
2,3,797,9,1,10,6,3,17
2,3,798,8,0,12,7,0,6
2,4,799,19,3,20,1,0,8
2,4,800,18,4,17,20,0,11
2,4,801,17,1,10,21,1,12
2,4,802,16,0,5,22,2,12
2,4,803,15,4,23,23,0,3
2,4,804,14,1,4,24,2,10
2,4,805,13,1,15,25,0,11
2,4,806,12,2,29,26,0,10
2,4,807,11,1,10,27,1,17
2,4,808,10,1,14,28,1,17
2,4,809,9,3,18,2,3,9
2,4,810,8,5,26,3,0,9
2,4,811,7,1,12,4,0,19
2,4,812,6,2,15,5,2,12
2,5,813,20,0,10,1,4,18
2,5,814,19,1,10,21,0,10
2,5,815,18,0,3,22,2,15
2,5,816,17,1,10,23,0,6
2,5,817,16,1,8,24,0,9
2,5,818,15,7,30,25,0,6
2,5,819,14,2,17,26,0,8
2,5,820,13,1,11,27,2,16
2,5,821,12,0,10,28,1,14
2,5,822,11,3,16,2,0,8
2,5,823,10,0,9,3,1,15
2,5,824,9,0,6,4,0,6
2,5,825,8,0,13,5,0,11
2,5,826,7,3,15,6,2,19
2,6,827,4,1,20,1,0,7
2,6,828,3,1,7,5,4,21
2,6,829,2,1,5,6,4,15
2,6,830,28,1,12,7,1,11
2,6,831,27,1,15,8,1,12
2,6,832,26,4,13,9,1,15
2,6,833,25,2,17,10,1,7
2,6,834,24,2,17,11,0,9
2,6,835,23,3,15,12,1,7
2,6,836,22,3,21,13,2,10
2,6,837,21,2,21,14,1,10
2,6,838,20,0,4,15,5,35
2,6,839,19,3,28,16,1,11
2,6,840,18,3,13,17,1,14
2,7,841,18,1,8,1,0,12
2,7,842,17,2,16,19,3,14
2,7,843,16,2,18,20,1,10
2,7,844,15,1,25,21,0,5
2,7,845,14,0,19,22,2,19
2,7,846,13,1,13,23,1,13
2,7,847,12,3,12,24,3,15
2,7,848,11,2,11,25,1,11
2,7,849,10,0,4,26,0,12
2,7,850,9,1,9,27,3,18
2,7,851,8,0,11,28,0,3
2,7,852,7,2,24,2,0,7
2,7,853,6,3,22,3,2,6
2,7,854,5,1,15,4,2,11
2,8,855,9,3,13,1,4,16
2,8,856,8,5,26,10,1,6
2,8,857,7,1,23,11,2,13
2,8,858,6,3,29,12,1,8
2,8,859,5,2,17,13,0,13
2,8,860,4,2,17,14,0,8
2,8,861,3,0,10,15,3,19
2,8,862,2,3,13,16,3,16
2,8,863,28,1,24,17,2,13
2,8,864,27,3,22,18,0,6
2,8,865,26,0,8,19,2,25
2,8,866,25,1,12,20,0,4
2,8,867,24,2,14,21,1,6
2,8,868,23,1,14,22,6,25
2,9,869,1,3,16,16,2,10
2,9,870,17,1,10,15,1,15
2,9,871,18,0,12,14,1,7
2,9,872,19,3,23,13,1,12
2,9,873,20,1,8,12,3,18
2,9,874,21,3,19,11,1,11
2,9,875,22,3,19,10,0,8
2,9,876,23,2,17,9,1,6
2,9,877,24,0,8,8,1,18
2,9,878,25,1,10,7,2,13
2,9,879,26,0,9,6,1,20
2,9,880,27,2,18,5,1,12
2,9,881,28,1,8,4,0,19
2,9,882,2,0,12,3,2,10
2,10,883,16,1,13,1,1,16
2,10,884,15,2,18,17,0,7
2,10,885,14,2,9,18,2,7
2,10,886,13,2,17,19,3,10
2,10,887,12,0,11,20,3,11
2,10,888,11,2,13,21,1,13
2,10,889,10,1,6,22,1,19
2,10,890,9,0,12,23,2,11
2,10,891,8,1,15,24,3,7
2,10,892,7,2,19,25,0,8
2,10,893,6,1,25,26,1,10
2,10,894,5,1,18,27,1,15
2,10,895,4,2,22,28,1,14
2,10,896,3,2,14,2,1,10
2,11,897,10,1,13,1,2,19
2,11,898,9,2,17,11,2,11
2,11,899,8,3,24,12,0,5
2,11,900,7,3,19,13,1,8
2,11,901,6,3,17,14,1,7
2,11,902,5,1,18,15,1,10
2,11,903,4,4,26,16,3,7
2,11,904,3,1,13,17,1,7
2,11,905,2,2,12,18,1,12
2,11,906,28,0,3,19,0,11
2,11,907,27,2,26,20,0,4
2,11,908,26,0,8,21,0,19
2,11,909,25,2,11,22,1,12
2,11,910,24,4,23,23,1,6
2,12,911,1,0,5,27,2,18
2,12,912,28,2,20,26,0,10
2,12,913,2,5,17,25,0,7
2,12,914,3,2,9,24,6,21
2,12,915,4,3,28,23,0,8
2,12,916,5,3,17,22,1,4
2,12,917,6,3,16,21,1,5
2,12,918,7,1,16,20,1,6
2,12,919,8,1,13,19,2,5
2,12,920,9,1,12,18,1,14
2,12,921,10,2,9,17,1,26
2,12,922,11,2,21,16,1,11
2,12,923,12,3,9,15,2,22
2,12,924,13,4,21,14,1,9
2,13,925,3,2,11,1,4,14
2,13,926,2,0,5,4,2,17
2,13,927,28,0,14,5,2,11
2,13,928,27,3,15,6,1,14
2,13,929,26,2,15,7,5,16
2,13,930,25,0,7,8,0,16
2,13,931,24,1,19,9,2,12
2,13,932,23,2,19,10,0,9
2,13,933,22,3,21,11,0,4
2,13,934,21,1,16,12,0,3
2,13,935,20,2,7,13,0,22
2,13,936,19,5,20,14,0,6
2,13,937,18,0,6,15,3,18
2,13,938,17,6,19,16,1,8
2,14,939,1,2,16,11,3,12
2,14,940,12,1,19,10,2,13
2,14,941,13,1,17,9,0,11
2,14,942,14,1,11,8,1,18
2,14,943,15,4,26,7,1,13
2,14,944,16,1,8,6,2,8
2,14,945,17,2,10,5,3,20
2,14,946,18,2,8,4,3,16
2,14,947,19,2,22,3,1,4
2,14,948,20,2,7,2,2,14
2,14,949,21,3,14,28,0,2
2,14,950,22,0,12,27,0,8
2,14,951,23,3,20,26,0,9
2,14,952,24,0,16,25,0,4
2,15,953,1,2,22,2,1,5
2,15,954,3,1,9,28,1,13
2,15,955,4,2,20,27,1,13
2,15,956,5,3,30,26,0,3
2,15,957,6,1,27,25,1,8
2,15,958,7,3,15,24,1,13
2,15,959,8,3,14,23,3,5
2,15,960,9,3,9,22,0,12
2,15,961,10,2,8,21,3,22
2,15,962,11,4,26,20,0,5
2,15,963,12,0,9,19,2,22
2,15,964,13,1,18,18,1,10
2,15,965,14,2,12,17,2,16
2,15,966,15,4,31,16,0,3
2,16,967,1,2,17,19,0,11
2,16,968,20,2,15,18,3,16
2,16,969,21,0,6,17,0,11
2,16,970,22,1,18,16,0,7
2,16,971,23,1,8,15,3,18
2,16,972,24,4,23,14,0,9
2,16,973,25,1,15,13,2,19
2,16,974,26,1,20,12,3,15
2,16,975,27,2,16,11,0,11
2,16,976,28,1,19,10,0,7
2,16,977,2,1,11,9,1,11
2,16,978,3,1,10,8,4,26
2,16,979,4,2,24,7,1,7
2,16,980,5,0,23,6,2,14
2,17,981,1,1,12,9,2,8
2,17,982,10,2,7,8,3,25
2,17,983,11,3,13,7,5,15
2,17,984,12,0,4,6,2,27
2,17,985,13,2,9,5,3,20
2,17,986,14,0,10,4,4,35
2,17,987,15,5,37,3,2,9
2,17,988,16,2,18,2,0,4
2,17,989,17,3,18,28,1,11
2,17,990,18,0,7,27,5,26
2,17,991,19,4,23,26,2,4
2,17,992,20,3,8,25,0,10
2,17,993,21,0,8,24,1,5
2,17,994,22,1,14,23,2,14
2,18,995,24,1,14,1,2,14
2,18,996,23,1,9,25,3,15
2,18,997,22,1,12,26,1,5
2,18,998,21,1,8,27,1,20
2,18,999,20,2,6,28,3,12
2,18,1000,19,4,23,2,1,6
2,18,1001,18,1,13,3,2,13
2,18,1002,17,1,9,4,1,15
2,18,1003,16,1,11,5,5,25
2,18,1004,15,2,21,6,1,7
2,18,1005,14,1,11,7,0,15
2,18,1006,13,1,6,8,0,16
2,18,1007,12,1,10,9,0,8
2,18,1008,11,1,15,10,0,1
2,19,1009,1,4,20,10,1,10
2,19,1010,11,0,16,9,1,14
2,19,1011,12,0,3,8,4,23
2,19,1012,13,1,16,7,2,15
2,19,1013,14,1,9,6,3,16
2,19,1014,15,1,13,5,0,9
2,19,1015,16,0,11,4,1,22
2,19,1016,17,0,11,3,0,9
2,19,1017,18,2,19,2,0,6
2,19,1018,19,1,23,28,0,10
2,19,1019,20,1,9,27,4,24
2,19,1020,21,0,17,26,1,11
2,19,1021,22,0,21,25,2,9
2,19,1022,23,4,12,24,1,15
2,20,1023,1,0,13,15,2,12
2,20,1024,16,3,12,14,1,12
2,20,1025,17,2,18,13,0,7
2,20,1026,18,0,13,12,1,8
2,20,1027,19,2,21,11,0,8
2,20,1028,20,0,10,10,0,6
2,20,1029,21,3,13,9,0,16
2,20,1030,22,3,11,8,1,15
2,20,1031,23,1,11,7,1,8
2,20,1032,24,1,18,6,2,19
2,20,1033,25,2,9,5,1,16
2,20,1034,26,1,15,4,3,16
2,20,1035,27,2,28,3,0,9
2,20,1036,28,5,25,2,1,8
2,21,1037,1,0,22,25,4,14
2,21,1038,26,0,9,24,4,18
2,21,1039,27,7,26,23,1,9
2,21,1040,28,4,12,22,0,9
2,21,1041,2,2,12,21,1,17
2,21,1042,3,0,19,20,0,10
2,21,1043,4,0,15,19,1,8
2,21,1044,5,5,22,18,0,6
2,21,1045,6,1,12,17,0,3
2,21,1046,7,6,27,16,1,9
2,21,1047,8,3,11,15,4,11
2,21,1048,9,2,8,14,1,11
2,21,1049,10,2,8,13,1,18
2,21,1050,11,1,16,12,3,14
2,22,1051,1,3,9,22,1,4
2,22,1052,23,2,13,21,1,18
2,22,1053,24,4,29,20,0,6
2,22,1054,25,0,10,19,3,20
2,22,1055,26,1,14,18,0,13
2,22,1056,27,3,13,17,1,7
2,22,1057,28,0,21,16,1,7
2,22,1058,2,0,8,15,3,26
2,22,1059,3,1,11,14,0,6
2,22,1060,4,1,17,13,0,14
2,22,1061,5,5,29,12,0,4
2,22,1062,6,1,14,11,1,5
2,22,1063,7,4,33,10,0,2
2,22,1064,8,4,26,9,1,3
2,23,1065,27,0,12,1,0,5
2,23,1066,26,0,12,28,1,16
2,23,1067,25,0,14,2,3,17
2,23,1068,24,2,20,3,0,10
2,23,1069,23,1,5,4,2,16
2,23,1070,22,2,11,5,0,12
2,23,1071,21,0,10,6,2,10
2,23,1072,20,2,7,7,0,12
2,23,1073,19,2,16,8,2,14
2,23,1074,18,3,23,9,0,15
2,23,1075,17,6,32,10,0,3
2,23,1076,16,2,23,11,1,10
2,23,1077,15,8,23,12,1,4
2,23,1078,14,1,20,13,0,12
2,24,1079,26,2,12,1,6,23
2,24,1080,25,2,8,27,2,20
2,24,1081,24,2,18,28,0,12
2,24,1082,23,0,15,2,1,5
2,24,1083,22,2,23,3,0,7
2,24,1084,21,3,9,4,2,17
2,24,1085,20,1,4,5,2,18
2,24,1086,19,0,13,6,0,7
2,24,1087,18,0,11,7,4,16
2,24,1088,17,0,10,8,3,14
2,24,1089,16,0,7,9,1,15
2,24,1090,15,5,32,10,1,6
2,24,1091,14,2,15,11,2,10
2,24,1092,13,1,15,12,1,8
2,25,1093,14,2,9,1,3,13
2,25,1094,13,2,8,15,1,10
2,25,1095,12,0,9,16,1,11
2,25,1096,11,2,11,17,3,13
2,25,1097,10,0,10,18,1,14
2,25,1098,9,2,8,19,1,15
2,25,1099,8,4,27,20,1,11
2,25,1100,7,3,15,21,1,6
2,25,1101,6,0,12,22,0,12
2,25,1102,5,1,24,23,0,3
2,25,1103,4,2,17,24,0,7
2,25,1104,3,3,14,25,2,8
2,25,1105,2,1,15,26,0,13
2,25,1106,28,0,15,27,0,15
2,26,1107,1,1,9,13,0,10
2,26,1108,14,2,18,12,0,8
2,26,1109,15,0,18,11,0,4
2,26,1110,16,3,21,10,0,7
2,26,1111,17,3,16,9,2,12
2,26,1112,18,1,8,8,4,14
2,26,1113,19,2,11,7,2,13
2,26,1114,20,2,10,6,3,23
2,26,1115,21,0,11,5,1,21
2,26,1116,22,1,14,4,2,11
2,26,1117,23,2,20,3,1,13
2,26,1118,24,6,28,2,0,6
2,26,1119,25,2,13,28,3,18
2,26,1120,26,0,8,27,0,26
2,27,1121,1,0,15,24,2,16
2,27,1122,25,3,19,23,1,13
2,27,1123,26,1,7,22,0,7
2,27,1124,27,1,20,21,1,10
2,27,1125,28,4,31,20,1,9
2,27,1126,2,1,6,19,1,28
2,27,1127,3,2,20,18,3,16
2,27,1128,4,1,18,17,1,11
2,27,1129,5,4,29,16,0,5
2,27,1130,6,0,11,15,1,12
2,27,1131,7,2,27,14,0,6
2,27,1132,8,3,15,13,2,14
2,27,1133,9,4,20,12,0,11
2,27,1134,10,1,11,11,6,25
2,28,1135,23,0,4,1,1,16
2,28,1136,22,3,20,24,1,11
2,28,1137,21,2,22,25,1,8
2,28,1138,20,1,15,26,2,10
2,28,1139,19,1,9,27,0,11
2,28,1140,18,2,15,28,1,8
2,28,1141,17,0,21,2,1,6
2,28,1142,16,2,15,3,1,10
2,28,1143,15,3,20,4,2,14
2,28,1144,14,2,7,5,4,16
2,28,1145,13,1,15,6,3,18
2,28,1146,12,1,11,7,1,9
2,28,1147,11,3,12,8,1,13
2,28,1148,10,2,12,9,1,12
2,29,1149,22,3,16,1,0,10
2,29,1150,21,3,12,23,2,9
2,29,1151,20,1,8,24,1,18
2,29,1152,19,3,24,25,2,5
2,29,1153,18,1,13,26,2,15
2,29,1154,17,0,11,27,2,11
2,29,1155,16,1,14,28,1,13
2,29,1156,15,5,28,2,0,9
2,29,1157,14,0,14,3,2,16
2,29,1158,13,0,13,4,0,17
2,29,1159,12,0,9,5,2,13
2,29,1160,11,1,16,6,2,16
2,29,1161,10,2,9,7,3,14
2,29,1162,9,0,6,8,1,17
2,30,1163,6,3,17,1,2,6
2,30,1164,5,2,15,7,1,10
2,30,1165,4,1,12,8,2,8
2,30,1166,3,0,9,9,2,20
2,30,1167,2,1,16,10,2,16
2,30,1168,28,4,20,11,0,6
2,30,1169,27,2,24,12,0,6
2,30,1170,26,1,7,13,2,21
2,30,1171,25,3,9,14,2,12
2,30,1172,24,0,12,15,3,15
2,30,1173,23,1,15,16,0,10
2,30,1174,22,0,12,17,0,9
2,30,1175,21,3,19,18,1,7
2,30,1176,20,1,13,19,2,22
2,31,1177,8,2,10,1,0,6
2,31,1178,7,1,19,9,2,12
2,31,1179,6,7,26,10,0,9
2,31,1180,5,3,27,11,1,13
2,31,1181,4,2,29,12,1,5
2,31,1182,3,3,15,13,0,17
2,31,1183,2,1,14,14,1,15
2,31,1184,28,1,9,15,3,20
2,31,1185,27,2,27,16,0,6
2,31,1186,26,2,8,17,2,17
2,31,1187,25,2,13,18,2,13
2,31,1188,24,0,11,19,1,17
2,31,1189,23,2,17,20,0,7
2,31,1190,22,2,15,21,2,11
2,32,1191,1,1,18,3,0,10
2,32,1192,4,3,26,2,0,10
2,32,1193,5,2,10,28,0,8
2,32,1194,6,0,12,27,2,12
2,32,1195,7,0,15,26,0,6
2,32,1196,8,2,18,25,0,8
2,32,1197,9,1,7,24,1,13
2,32,1198,10,0,11,23,2,20
2,32,1199,11,1,10,22,2,12
2,32,1200,12,0,16,21,0,13
2,32,1201,13,3,24,20,0,8
2,32,1202,14,0,15,19,1,22
2,32,1203,15,6,31,18,0,10
2,32,1204,16,1,11,17,1,19
2,33,1205,1,5,19,21,1,8
2,33,1206,22,4,18,20,2,7
2,33,1207,23,2,11,19,2,15
2,33,1208,24,4,27,18,0,7
2,33,1209,25,1,10,17,1,13
2,33,1210,26,0,4,16,1,13
2,33,1211,27,2,14,15,1,14
2,33,1212,28,0,19,14,2,8
2,33,1213,2,2,12,13,4,18
2,33,1214,3,3,24,12,0,4
2,33,1215,4,2,23,11,4,6
2,33,1216,5,5,23,10,0,4
2,33,1217,6,3,29,9,0,8
2,33,1218,7,2,10,8,0,12
2,34,1219,1,3,10,8,0,10
2,34,1220,9,0,8,7,1,10
2,34,1221,10,1,7,6,3,16
2,34,1222,11,0,11,5,1,11
2,34,1223,12,0,11,4,3,18
2,34,1224,13,3,24,3,0,7
2,34,1225,14,5,18,2,1,12
2,34,1226,15,4,18,28,1,8
2,34,1227,16,0,7,27,4,24
2,34,1228,17,3,25,26,2,9
2,34,1229,18,3,10,25,2,12
2,34,1230,19,0,16,24,0,9
2,34,1231,20,1,12,23,2,16
2,34,1232,21,1,9,22,2,9
2,35,1233,11,1,17,1,0,15
2,35,1234,10,1,13,12,0,15
2,35,1235,9,0,13,13,2,13
2,35,1236,8,4,24,14,0,7
2,35,1237,7,0,13,15,3,17
2,35,1238,6,0,15,16,0,7
2,35,1239,5,2,27,17,1,7
2,35,1240,4,2,19,18,1,3
2,35,1241,3,1,10,19,3,13
2,35,1242,2,4,13,20,1,8
2,35,1243,28,0,11,21,1,7
2,35,1244,27,2,17,22,1,10
2,35,1245,26,1,15,23,1,20
2,35,1246,25,0,10,24,1,22
2,36,1247,1,3,19,20,0,6
2,36,1248,21,3,17,19,2,9
2,36,1249,22,3,15,18,1,7
2,36,1250,23,1,14,17,2,10
2,36,1251,24,4,17,16,3,12
2,36,1252,25,0,8,15,4,28
2,36,1253,26,2,17,14,0,7
2,36,1254,27,3,17,13,1,10
2,36,1255,28,2,16,12,0,8
2,36,1256,2,1,10,11,1,15
2,36,1257,3,2,12,10,0,12
2,36,1258,4,2,20,9,0,8
2,36,1259,5,0,9,8,2,13
2,36,1260,6,1,24,7,1,9
2,37,1261,7,0,13,1,3,12
2,37,1262,6,1,13,8,1,15
2,37,1263,5,0,13,9,0,11
2,37,1264,4,2,21,10,0,9
2,37,1265,3,1,13,11,1,5
2,37,1266,2,4,17,12,1,14
2,37,1267,28,3,15,13,1,10
2,37,1268,27,2,20,14,2,6
2,37,1269,26,2,7,15,3,29
2,37,1270,25,0,8,16,2,10
2,37,1271,24,2,17,17,0,12
2,37,1272,23,2,16,18,2,11
2,37,1273,22,4,15,19,3,20
2,37,1274,21,3,20,20,1,8
2,38,1275,1,2,14,5,1,8
2,38,1276,6,1,15,4,1,7
2,38,1277,7,1,15,3,1,6
2,38,1278,8,3,35,2,1,3
2,38,1279,9,3,10,28,0,13
2,38,1280,10,0,10,27,1,24
2,38,1281,11,2,14,26,0,11
2,38,1282,12,2,11,25,1,17
2,38,1283,13,1,12,24,1,21
2,38,1284,14,0,18,23,2,13
2,38,1285,15,5,18,22,1,3
2,38,1286,16,1,9,21,2,15
2,38,1287,17,0,15,20,0,5
2,38,1288,18,1,6,19,3,18
2,39,1289,1,2,20,23,1,11
2,39,1290,24,3,13,22,0,7
2,39,1291,25,0,11,21,1,17
2,39,1292,26,1,18,20,1,7
2,39,1293,27,1,12,19,2,13
2,39,1294,28,3,13,18,0,11
2,39,1295,2,1,6,17,3,16
2,39,1296,3,5,24,16,1,15
2,39,1297,4,1,18,15,2,12
2,39,1298,5,2,21,14,0,6
2,39,1299,6,1,9,13,2,12
2,39,1300,7,1,20,12,0,12
2,39,1301,8,4,19,11,0,9
2,39,1302,9,3,31,10,4,17
2,40,1303,28,3,10,1,2,11
2,40,1304,27,4,25,2,0,6
2,40,1305,26,0,15,3,0,13
2,40,1306,25,0,7,4,1,19
2,40,1307,24,3,17,5,2,13
2,40,1308,23,1,11,6,2,17
2,40,1309,22,2,15,7,2,13
2,40,1310,21,2,9,8,0,12
2,40,1311,20,1,11,9,2,12
2,40,1312,19,3,37,10,1,6
2,40,1313,18,1,12,11,2,13
2,40,1314,17,1,15,12,0,11
2,40,1315,16,0,4,13,2,11
2,40,1316,15,2,24,14,0,2
2,41,1317,1,1,18,12,3,7
2,41,1318,13,0,18,11,2,19
2,41,1319,14,0,9,10,2,5
2,41,1320,15,2,25,9,0,6
2,41,1321,16,0,6,8,2,12
2,41,1322,17,3,13,7,2,10
2,41,1323,18,0,7,6,1,12
2,41,1324,19,1,10,5,1,8
2,41,1325,20,1,6,4,3,27
2,41,1326,21,1,9,3,0,10
2,41,1327,22,4,23,2,2,10
2,41,1328,23,2,10,28,1,11
2,41,1329,24,1,8,27,2,5
2,41,1330,25,0,13,26,1,16
2,42,1331,1,2,34,26,0,4
2,42,1332,27,2,28,25,0,6
2,42,1333,28,0,10,24,1,6
2,42,1334,2,1,11,23,2,13
2,42,1335,3,0,12,22,3,17
2,42,1336,4,3,17,21,0,5
2,42,1337,5,2,38,20,1,7
2,42,1338,6,1,11,19,3,11
2,42,1339,7,0,8,18,2,9
2,42,1340,8,3,13,17,1,8
2,42,1341,9,0,20,16,1,21
2,42,1342,10,1,19,15,0,32
2,42,1343,11,2,18,14,3,11
2,42,1344,12,0,10,13,0,20
2,43,1345,5,2,13,1,0,9
2,43,1346,4,0,16,6,1,10
2,43,1347,3,1,6,7,4,19
2,43,1348,2,0,3,8,1,26
2,43,1349,28,2,19,9,0,4
2,43,1350,27,6,24,10,1,6
2,43,1351,26,2,17,11,2,11
2,43,1352,25,1,23,12,1,11
2,43,1353,24,2,23,13,0,5
2,43,1354,23,2,14,14,4,13
2,43,1355,22,1,13,15,0,16
2,43,1356,21,2,11,16,2,8
2,43,1357,20,1,11,17,4,15
2,43,1358,19,3,22,18,0,5
2,44,1359,1,3,13,18,2,10
2,44,1360,19,0,7,17,0,6
2,44,1361,20,1,13,16,2,11
2,44,1362,21,0,11,15,1,19
2,44,1363,22,1,14,14,1,15
2,44,1364,23,3,12,13,3,14
2,44,1365,24,2,20,12,0,4
2,44,1366,25,2,11,11,5,22
2,44,1367,26,2,19,10,0,7
2,44,1368,27,0,20,9,0,2
2,44,1369,28,0,10,8,3,17
2,44,1370,2,1,4,7,5,18
2,44,1371,3,0,13,6,2,17
2,44,1372,4,0,9,5,0,5
2,45,1373,15,1,20,1,0,14
2,45,1374,14,3,14,16,1,9
2,45,1375,13,2,19,17,1,9
2,45,1376,12,4,22,18,2,11
2,45,1377,11,0,7,19,2,16
2,45,1378,10,2,16,20,0,6
2,45,1379,9,3,6,21,1,14
2,45,1380,8,1,11,22,1,5
2,45,1381,7,2,17,23,1,9
2,45,1382,6,2,11,24,2,8
2,45,1383,5,4,19,25,0,3
2,45,1384,4,3,22,26,0,7
2,45,1385,3,0,7,27,2,12
2,45,1386,2,1,12,28,2,18
2,46,1387,25,0,9,1,3,17
2,46,1388,24,4,23,26,0,10
2,46,1389,23,0,6,27,3,17
2,46,1390,22,2,22,28,0,7
2,46,1391,21,3,20,2,0,7
2,46,1392,20,1,11,3,0,17
2,46,1393,19,2,13,4,1,14
2,46,1394,18,0,9,5,2,20
2,46,1395,17,1,14,6,2,10
2,46,1396,16,2,8,7,1,11
2,46,1397,15,0,19,8,1,13
2,46,1398,14,0,6,9,1,8
2,46,1399,13,1,18,10,1,7
2,46,1400,12,1,15,11,0,7
2,47,1401,1,2,7,6,2,16
2,47,1402,7,0,5,5,2,9
2,47,1403,8,0,3,4,0,10
2,47,1404,9,2,10,3,0,8
2,47,1405,10,2,12,2,2,13
2,47,1406,11,1,13,28,1,9
2,47,1407,12,1,6,27,2,14
2,47,1408,13,4,18,26,2,14
2,47,1409,14,1,13,25,1,8
2,47,1410,15,3,22,24,3,10
2,47,1411,16,0,9,23,2,12
2,47,1412,17,4,14,22,1,6
2,47,1413,18,1,10,21,0,13
2,47,1414,19,2,28,20,0,3
2,48,1415,17,1,15,1,1,15
2,48,1416,16,0,10,18,2,14
2,48,1417,15,1,18,19,0,10
2,48,1418,14,0,13,20,0,9
2,48,1419,13,1,14,21,0,9
2,48,1420,12,0,10,22,0,13
2,48,1421,11,1,12,23,0,6
2,48,1422,10,1,7,24,3,19
2,48,1423,9,1,10,25,2,12
2,48,1424,8,1,27,26,0,2
2,48,1425,7,0,10,27,0,9
2,48,1426,6,1,18,28,0,11
2,48,1427,5,4,26,2,1,7
2,48,1428,4,1,21,3,1,8
2,49,1429,1,1,9,4,1,11
2,49,1430,5,2,26,3,1,6
2,49,1431,6,1,18,2,1,6
2,49,1432,7,1,20,28,0,9
2,49,1433,8,3,16,27,1,9
2,49,1434,9,2,12,26,1,4
2,49,1435,10,1,13,25,0,11
2,49,1436,11,2,13,24,2,23
2,49,1437,12,1,9,23,1,9
2,49,1438,13,2,20,22,1,9
2,49,1439,14,1,14,21,2,7
2,49,1440,15,5,31,20,1,4
2,49,1441,16,0,15,19,3,25
2,49,1442,17,2,14,18,1,6
2,50,1443,13,4,18,1,0,8
2,50,1444,12,1,15,14,0,11
2,50,1445,11,0,7,15,2,20
2,50,1446,10,1,19,16,1,11
2,50,1447,9,1,17,17,2,11
2,50,1448,8,3,26,18,2,6
2,50,1449,7,1,15,19,3,13
2,50,1450,6,3,31,20,0,4
2,50,1451,5,0,17,21,2,11
2,50,1452,4,2,25,22,0,10
2,50,1453,3,1,18,23,1,8
2,50,1454,2,1,13,24,0,21
2,50,1455,28,1,19,25,0,6
2,50,1456,27,1,23,26,0,3
2,51,1457,1,1,14,7,2,19
2,51,1458,8,1,15,6,1,6
2,51,1459,9,0,5,5,4,16
2,51,1460,10,2,11,4,5,26
2,51,1461,11,2,16,3,0,10
2,51,1462,12,3,20,2,1,14
2,51,1463,13,0,5,28,1,16
2,51,1464,14,3,12,27,3,19
2,51,1465,15,7,30,26,1,4
2,51,1466,16,2,22,25,0,13
2,51,1467,17,1,22,24,0,5
2,51,1468,18,1,14,23,0,9
2,51,1469,19,2,21,22,0,7
2,51,1470,20,1,7,21,1,18
2,52,1471,1,2,15,14,0,6
2,52,1472,15,5,23,13,0,7
2,52,1473,16,2,12,12,1,15
2,52,1474,17,5,15,11,4,14
2,52,1475,18,2,23,10,1,13
2,52,1476,19,0,16,9,1,9
2,52,1477,20,0,9,8,3,28
2,52,1478,21,0,12,7,4,14
2,52,1479,22,0,11,6,0,6
2,52,1480,23,3,12,5,0,19
2,52,1481,24,0,14,4,1,16
2,52,1482,25,3,22,3,1,15
2,52,1483,26,0,12,2,4,12
2,52,1484,27,0,16,28,2,11
2,53,1485,12,0,11,1,0,15
2,53,1486,11,3,11,13,4,15
2,53,1487,10,0,7,14,2,13
2,53,1488,9,0,11,15,3,31
2,53,1489,8,8,23,16,1,5
2,53,1490,7,0,15,17,1,6
2,53,1491,6,4,21,18,0,6
2,53,1492,5,1,18,19,2,15
2,53,1493,4,4,29,20,0,2
2,53,1494,3,3,10,21,4,19
2,53,1495,2,2,9,22,2,14
2,53,1496,28,3,15,23,0,10
2,53,1497,27,2,11,24,0,3
2,53,1498,26,1,11,25,0,6
2,54,1499,1,1,13,28,0,5
2,54,1500,2,0,6,27,2,30
2,54,1501,3,1,22,26,1,11
2,54,1502,4,4,27,25,0,3
2,54,1503,5,1,19,24,0,8
2,54,1504,6,1,15,23,1,7
2,54,1505,7,0,19,22,2,15
2,54,1506,8,4,22,21,0,6
2,54,1507,9,1,17,20,0,15
2,54,1508,10,0,10,19,6,19
2,54,1509,11,5,22,18,2,13
2,54,1510,12,3,13,17,3,17
2,54,1511,13,5,29,16,1,9
2,54,1512,14,0,6,15,2,24
